image_name,steering_angle,HMB
1479425729831388501.png,0.016406095400440003,HMB4
1479425729881120069.png,0.016406095400440003,HMB4
1479425729931106688.png,0.00453785602003,HMB4
1479425729981076760.png,0.00453785602003,HMB4
1479425730031118702.png,-0.009773843735444002,HMB4
1479425730081148517.png,-0.009773843735444002,HMB4
1479425730131106872.png,-0.01535889804364,HMB4
1479425730181075491.png,-0.01535889804364,HMB4
1479425730231104826.png,-0.0157079640776,HMB4
1479425730281174632.png,-0.0157079640776,HMB4
1479425730331103013.png,-0.0157079640776,HMB4
1479425730381154894.png,-0.0157079640776,HMB4
1479425730431228626.png,-0.014660766161980001,HMB4
1479425730481172304.png,-0.014660766161980001,HMB4
1479425730531147589.png,-0.004886921867718,HMB4
1479425730581104348.png,-0.004886921867718,HMB4
1479425730631138780.png,0.004188790172336,HMB4
1479425730681186395.png,0.004188790172336,HMB4
1479425730731148035.png,0.0024434609338619996,HMB4
1479425730781122615.png,0.0024434609338619996,HMB4
1479425730831205405.png,0.0024434609338620005,HMB4
1479425730881207333.png,0.0024434609338620005,HMB4
1479425730931278086.png,0.00349065847695,HMB4
1479425730981360394.png,0.00349065847695,HMB4
1479425731031243212.png,0.00349065847695,HMB4
1479425731081296618.png,0.00349065847695,HMB4
1479425731131320872.png,0.002094395086166,HMB4
1479425731181393842.png,0.002094395086166,HMB4
1479425731231280938.png,0.00174532923847,HMB4
1479425731281293009.png,0.00174532923847,HMB4
1479425731331364043.png,0.00174532923847,HMB4
1479425731381449591.png,0.00174532923847,HMB4
1479425731431336479.png,0.00174532923847,HMB4
1479425731481355342.png,0.00174532923847,HMB4
1479425731531391005.png,0.002792526781558,HMB4
1479425731581346716.png,0.002792526781558,HMB4
1479425731631377311.png,0.004188790172338,HMB4
1479425731681351996.png,0.004188790172338,HMB4
1479425731731373454.png,0.012217304855574,HMB4
1479425731781440763.png,0.012217304855574,HMB4
1479425731831376416.png,0.03665191456674,HMB4
1479425731881468095.png,0.03665191456674,HMB4
1479425731931409171.png,0.06038839370012,HMB4
1479425731981507145.png,0.06038839370012,HMB4
1479425732031435213.png,0.06387905329466,HMB4
1479425732081479474.png,0.06387905329466,HMB4
1479425732131473221.png,0.05934119522572001,HMB4
1479425732181552210.png,0.05934119522572001,HMB4
1479425732231500530.png,0.0495673507452,HMB4
1479425732281599399.png,0.0495673507452,HMB4
1479425732331526451.png,0.040840704739080004,HMB4
1479425732381612326.png,0.040840704739080004,HMB4
1479425732431519171.png,0.032812190055840004,HMB4
1479425732481585355.png,0.032812190055840004,HMB4
1479425732531508356.png,0.01117010712621,HMB4
1479425732581601200.png,0.01117010712621,HMB4
1479425732631576609.png,-0.010471975430824,HMB4
1479425732681578448.png,-0.010471975430824,HMB4
1479425732731601652.png,-0.003839724324636,HMB4
1479425732781628819.png,-0.003839724324636,HMB4
1479425732831606706.png,0.004886921867726,HMB4
1479425732881578299.png,0.004886921867726,HMB4
1479425732931614139.png,0.00523598771542,HMB4
1479425732981578186.png,0.00523598771542,HMB4
1479425733031569261.png,0.00523598771542,HMB4
1479425733081577840.png,0.00523598771542,HMB4
1479425733131596790.png,0.00523598771542,HMB4
1479425733181661001.png,0.00523598771542,HMB4
1479425733231668824.png,0.004537856020032001,HMB4
1479425733281706243.png,0.004537856020032001,HMB4
1479425733331677876.png,0.0038397243246440006,HMB4
1479425733381797942.png,0.0038397243246440006,HMB4
1479425733431638919.png,0.004537856020032001,HMB4
1479425733481700541.png,0.004537856020032001,HMB4
1479425733531792215.png,0.00523598771542,HMB4
1479425733581885041.png,0.00523598771542,HMB4
1479425733631721011.png,0.00523598771542,HMB4
1479425733681843381.png,0.00523598771542,HMB4
1479425733731773207.png,0.004537856020032001,HMB4
1479425733781755359.png,0.004537856020032001,HMB4
1479425733831786857.png,0.002094395086166,HMB4
1479425733882107403.png,0.002094395086166,HMB4
1479425733931830258.png,0.00174532923847,HMB4
1479425733981797029.png,0.00174532923847,HMB4
1479425734031861815.png,0.00174532923847,HMB4
1479425734081792993.png,0.00174532923847,HMB4
1479425734131834353.png,0.000698131695388,HMB4
1479425734181827026.png,0.000698131695388,HMB4
1479425734231880292.png,0.0,HMB4
1479425734281873793.png,0.0,HMB4
1479425734331846510.png,0.0,HMB4
1479425734381840197.png,0.0,HMB4
1479425734431904523.png,0.000698131695388,HMB4
1479425734481994286.png,0.000698131695388,HMB4
1479425734531970676.png,0.00174532923847,HMB4
1479425734581955554.png,0.00174532923847,HMB4
1479425734631904933.png,0.000698131695388,HMB4
1479425734681889982.png,0.000698131695388,HMB4
1479425734731991410.png,0.0,HMB4
1479425734781930120.png,0.0,HMB4
1479425734831926287.png,0.0,HMB4
1479425734882043881.png,0.0,HMB4
1479425734931958294.png,0.0,HMB4
1479425734981994406.png,0.0,HMB4
1479425735031977763.png,0.0,HMB4
1479425735081923329.png,0.0,HMB4
1479425735131926767.png,-0.0041887901723279995,HMB4
1479425735181958300.png,-0.0041887901723279995,HMB4
1479425735232004662.png,-0.021991148963560005,HMB4
1479425735281982517.png,-0.021991148963560005,HMB4
1479425735331991504.png,-0.02722713649272,HMB4
1479425735382060714.png,-0.02722713649272,HMB4
1479425735432021620.png,-0.0209439512342,HMB4
1479425735482155815.png,-0.0209439512342,HMB4
1479425735532063349.png,-0.016057029739020002,HMB4
1479425735582139648.png,-0.016057029739020002,HMB4
1479425735632058854.png,-0.0157079640776,HMB4
1479425735682082195.png,-0.0157079640776,HMB4
1479425735732081528.png,-0.0157079640776,HMB4
1479425735782218625.png,-0.0157079640776,HMB4
1479425735832191992.png,-0.01431169994176,HMB4
1479425735882107722.png,-0.01431169994176,HMB4
1479425735932196285.png,-0.0136135680601,HMB4
1479425735982145112.png,-0.0136135680601,HMB4
1479425736032170877.png,-0.012217304669299999,HMB4
1479425736082138344.png,-0.012217304669299999,HMB4
1479425736132131232.png,-0.00907571204004,HMB4
1479425736182030594.png,-0.00907571204004,HMB4
1479425736232034486.png,-0.004188790172338001,HMB4
1479425736282128736.png,-0.004188790172338001,HMB4
1479425736332089422.png,-0.00349065847695,HMB4
1479425736382240208.png,-0.00349065847695,HMB4
1479425736432156508.png,-0.0024434609338619996,HMB4
1479425736482173187.png,-0.0024434609338619996,HMB4
1479425736532234728.png,0.002094395086166,HMB4
1479425736582264839.png,0.002094395086166,HMB4
1479425736632243826.png,0.007330382801592,HMB4
1479425736682340169.png,0.007330382801592,HMB4
1479425736732205378.png,0.009773843735428,HMB4
1479425736782248217.png,0.009773843735428,HMB4
1479425736832263899.png,0.0104719754308,HMB4
1479425736882230171.png,0.0104719754308,HMB4
1479425736932334382.png,0.0115191729739,HMB4
1479425736982361325.png,0.0115191729739,HMB4
1479425737032291778.png,0.0115191729739,HMB4
1479425737082270520.png,0.0115191729739,HMB4
1479425737132363384.png,0.004886921867726,HMB4
1479425737182306056.png,0.004886921867726,HMB4
1479425737232324007.png,-0.006632251106189998,HMB4
1479425737282570431.png,-0.006632251106189998,HMB4
1479425737332335975.png,-0.018849556148040004,HMB4
1479425737382355935.png,-0.018849556148040004,HMB4
1479425737432338941.png,-0.0209439508617,HMB4
1479425737482420585.png,-0.0209439508617,HMB4
1479425737532339598.png,-0.02234021499754,HMB4
1479425737582374249.png,-0.02234021499754,HMB4
1479425737632450815.png,-0.0226892810315,HMB4
1479425737682393273.png,-0.0226892810315,HMB4
1479425737732365059.png,-0.01780235879122,HMB4
1479425737782484474.png,-0.01780235879122,HMB4
1479425737832537394.png,-0.007330382801594001,HMB4
1479425737882404785.png,-0.007330382801594001,HMB4
1479425737932434138.png,-0.008726646192370001,HMB4
1479425737982405924.png,-0.008726646192370001,HMB4
1479425738032603496.png,-0.009424777887742002,HMB4
1479425738082507391.png,-0.009424777887742002,HMB4
1479425738132542032.png,-0.012566370517,HMB4
1479425738182561908.png,-0.012566370517,HMB4
1479425738232518743.png,-0.017802358791220003,HMB4
1479425738282552789.png,-0.017802358791220003,HMB4
1479425738332544911.png,-0.023387412354339998,HMB4
1479425738382529953.png,-0.023387412354339998,HMB4
1479425738432575510.png,-0.02932153195142,HMB4
1479425738482604174.png,-0.02932153195142,HMB4
1479425738532555947.png,-0.033161256462300004,HMB4
1479425738582606406.png,-0.033161256462300004,HMB4
1479425738632541681.png,-0.033161256462300004,HMB4
1479425738682608567.png,-0.033161256462300004,HMB4
1479425738732619943.png,-0.033161256462300004,HMB4
1479425738783231665.png,-0.033161256462300004,HMB4
1479425738832652438.png,-0.033161256462300004,HMB4
1479425738882667586.png,-0.033161256462300004,HMB4
1479425738932667955.png,-0.034906585514540005,HMB4
1479425738982642033.png,-0.034906585514540005,HMB4
1479425739032637432.png,-0.0401425734162,HMB4
1479425739082661555.png,-0.0401425734162,HMB4
1479425739132660017.png,-0.0401425734162,HMB4
1479425739182705982.png,-0.0401425734162,HMB4
1479425739232694130.png,-0.043633231520640005,HMB4
1479425739282665196.png,-0.043633231520640005,HMB4
1479425739332709638.png,-0.0702495025471,HMB4
1479425739382686623.png,-0.0702495025471,HMB4
1479425739433089197.png,-0.0945968449116,HMB4
1479425739482653408.png,-0.0945968449116,HMB4
1479425739532746338.png,-0.10646508485080002,HMB4
1479425739582723693.png,-0.10646508485080002,HMB4
1479425739632691902.png,-0.12217305004620001,HMB4
1479425739682812545.png,-0.12217305004620001,HMB4
1479425739732802043.png,-0.1340412884946,HMB4
1479425739782819666.png,-0.1340412884946,HMB4
1479425739832900771.png,-0.134390354156,HMB4
1479425739882794894.png,-0.134390354156,HMB4
1479425739932818699.png,-0.134390354156,HMB4
1479425739982879989.png,-0.134390354156,HMB4
1479425740032836662.png,-0.1281071707606,HMB4
1479425740082796475.png,-0.1281071707606,HMB4
1479425740132931514.png,-0.11484266370580001,HMB4
1479425740182921730.png,-0.11484266370580001,HMB4
1479425740232821826.png,-0.11484266370580001,HMB4
1479425740283412809.png,-0.11484266370580001,HMB4
1479425740332874261.png,-0.12356931418200001,HMB4
1479425740382966093.png,-0.12356931418200001,HMB4
1479425740433012936.png,-0.125663712621,HMB4
1479425740482962189.png,-0.125663712621,HMB4
1479425740532965361.png,-0.134041288495,HMB4
1479425740583063848.png,-0.134041288495,HMB4
1479425740632960526.png,-0.169995069504,HMB4
1479425740683045691.png,-0.169995069504,HMB4
1479425740733020159.png,-0.2338741213084,HMB4
1479425740782975664.png,-0.2338741213084,HMB4
1479425740832982155.png,-0.26459190845499997,HMB4
1479425740883062964.png,-0.26459190845499997,HMB4
1479425740933095714.png,-0.2488839507104,HMB4
1479425740983026654.png,-0.2488839507104,HMB4
1479425741033017607.png,-0.2398082435128,HMB4
1479425741083096310.png,-0.2398082435128,HMB4
1479425741133075183.png,-0.23911011219000003,HMB4
1479425741183046534.png,-0.23911011219000003,HMB4
1479425741233082537.png,-0.2394591778514,HMB4
1479425741283216162.png,-0.2394591778514,HMB4
1479425741333090521.png,-0.24329890012759997,HMB4
1479425741383102557.png,-0.24329890012759997,HMB4
1479425741433001652.png,-0.24923301935180003,HMB4
1479425741483104801.png,-0.24923301935180003,HMB4
1479425741533059276.png,-0.2576105952262,HMB4
1479425741583062498.png,-0.2576105952262,HMB4
1479425741633089467.png,-0.27541295290019996,HMB4
1479425741683072016.png,-0.27541295290019996,HMB4
1479425741733074216.png,-0.2960078418254,HMB4
1479425741783841035.png,-0.2960078418254,HMB4
1479425741833163870.png,-0.31381019353860007,HMB4
1479425741883234337.png,-0.31381019353860007,HMB4
1479425741933075671.png,-0.3117158055306,HMB4
1479425741983138619.png,-0.3117158055306,HMB4
1479425742033142240.png,-0.308923274279,HMB4
1479425742083116291.png,-0.308923274279,HMB4
1479425742133239219.png,-0.3110176742078,HMB4
1479425742183166614.png,-0.3110176742078,HMB4
1479425742233201667.png,-0.312413930893,HMB4
1479425742283182582.png,-0.312413930893,HMB4
1479425742333182714.png,-0.31381020545939997,HMB4
1479425742383197587.png,-0.31381020545939997,HMB4
1479425742433160005.png,-0.3134611368178001,HMB4
1479425742483241481.png,-0.3134611368178001,HMB4
1479425742533209715.png,-0.312413930893,HMB4
1479425742583277264.png,-0.312413930893,HMB4
1479425742633210049.png,-0.312413930893,HMB4
1479425742683344103.png,-0.312413930893,HMB4
1479425742733305483.png,-0.312413930893,HMB4
1479425742783270510.png,-0.312413930893,HMB4
1479425742833274667.png,-0.312413930893,HMB4
1479425742883287310.png,-0.312413930893,HMB4
1479425742933347811.png,-0.312413930893,HMB4
1479425742983269822.png,-0.312413930893,HMB4
1479425743033275176.png,-0.312413930893,HMB4
1479425743083331668.png,-0.312413930893,HMB4
1479425743133425582.png,-0.31136674284939997,HMB4
1479425743183311455.png,-0.31136674284939997,HMB4
1479425743233310160.png,-0.3117158055306,HMB4
1479425743283371357.png,-0.3117158055306,HMB4
1479425743333362550.png,-0.3120648682118,HMB4
1479425743383386072.png,-0.3120648682118,HMB4
1479425743433392070.png,-0.3036872923374,HMB4
1479425743483382328.png,-0.3036872923374,HMB4
1479425743533374605.png,-0.290073722601,HMB4
1479425743583387942.png,-0.290073722601,HMB4
1479425743633380256.png,-0.2918190479278,HMB4
1479425743683399604.png,-0.2918190479278,HMB4
1479425743733431477.png,-0.3001966297626,HMB4
1479425743783400457.png,-0.3001966297626,HMB4
1479425743833448146.png,-0.30927234888099997,HMB4
1479425743883480623.png,-0.30927234888099997,HMB4
1479425743933439319.png,-0.312413930893,HMB4
1479425743983470065.png,-0.312413930893,HMB4
1479425744033450893.png,-0.3145083308218,HMB4
1479425744083562619.png,-0.3145083308218,HMB4
1479425744133500013.png,-0.315904587507,HMB4
1479425744183504142.png,-0.315904587507,HMB4
1479425744233516893.png,-0.31695179343240004,HMB4
1479425744283547588.png,-0.31695179343240004,HMB4
1479425744333547944.png,-0.315904587507,HMB4
1479425744383534040.png,-0.315904587507,HMB4
1479425744433540446.png,-0.315904587507,HMB4
1479425744483554432.png,-0.315904587507,HMB4
1479425744533562049.png,-0.32323497533800005,HMB4
1479425744583614586.png,-0.32323497533800005,HMB4
1479425744633599607.png,-0.33126348853119997,HMB4
1479425744683630792.png,-0.33126348853119997,HMB4
1479425744733636733.png,-0.3291690945624,HMB4
1479425744783610792.png,-0.3291690945624,HMB4
1479425744833619029.png,-0.3022910237312,HMB4
1479425744883626051.png,-0.3022910237312,HMB4
1479425744933645213.png,-0.2565634042024,HMB4
1479425744983666876.png,-0.2565634042024,HMB4
1479425745033711450.png,-0.24748768806460003,HMB4
1479425745083708689.png,-0.24748768806460003,HMB4
1479425745133649927.png,-0.2597049951552,HMB4
1479425745183799696.png,-0.2597049951552,HMB4
1479425745233677223.png,-0.2590068638324,HMB4
1479425745283766482.png,-0.2590068638324,HMB4
1479425745333829592.png,-0.2457423627376,HMB4
1479425745383739213.png,-0.2457423627376,HMB4
1479425745433728777.png,-0.2405063748356,HMB4
1479425745483782545.png,-0.2405063748356,HMB4
1479425745533803419.png,-0.244346097112,HMB4
1479425745583848397.png,-0.244346097112,HMB4
1479425745633825989.png,-0.2506292790172,HMB4
1479425745683747383.png,-0.2506292790172,HMB4
1479425745733814774.png,-0.2624975204468,HMB4
1479425745783779103.png,-0.2624975204468,HMB4
1479425745833811294.png,-0.2932153165342,HMB4
1479425745883814394.png,-0.2932153165342,HMB4
1479425745933817008.png,-0.33684854507460005,HMB4
1479425745983865449.png,-0.33684854507460005,HMB4
1479425746033839028.png,-0.34173546433460006,HMB4
1479425746083922384.png,-0.34173546433460006,HMB4
1479425746133856242.png,-0.326376569271,HMB4
1479425746183883706.png,-0.326376569271,HMB4
1479425746233858185.png,-0.319395244122,HMB4
1479425746283940016.png,-0.319395244122,HMB4
1479425746333939893.png,-0.319395244122,HMB4
1479425746383868407.png,-0.319395244122,HMB4
1479425746433911307.png,-0.3152064621448,HMB4
1479425746483889943.png,-0.3152064621448,HMB4
1479425746533999368.png,-0.312413930893,HMB4
1479425746583953496.png,-0.312413930893,HMB4
1479425746633968500.png,-0.31136674284939997,HMB4
1479425746683946304.png,-0.31136674284939997,HMB4
1479425746733993844.png,-0.308574217558,HMB4
1479425746783973603.png,-0.308574217558,HMB4
1479425746833962531.png,-0.29461157917979997,HMB4
1479425746883971463.png,-0.29461157917979997,HMB4
1479425746933950690.png,-0.28099800944340003,HMB4
1479425746984011398.png,-0.28099800944340003,HMB4
1479425747033987758.png,-0.27750736475000004,HMB4
1479425747084017810.png,-0.27750736475000004,HMB4
1479425747133995187.png,-0.27750736475000004,HMB4
1479425747184077494.png,-0.27750736475000004,HMB4
1479425747234128149.png,-0.2747148156166,HMB4
1479425747284090709.png,-0.2747148156166,HMB4
1479425747334117205.png,-0.2768092215062,HMB4
1479425747384210638.png,-0.2768092215062,HMB4
1479425747434070834.png,-0.28099800944319997,HMB4
1479425747484162303.png,-0.28099800944319997,HMB4
1479425747534257683.png,-0.28274333476999997,HMB4
1479425747584161605.png,-0.28274333476999997,HMB4
1479425747634227326.png,-0.28448867797899996,HMB4
1479425747684196316.png,-0.28448867797899996,HMB4
1479425747734192819.png,-0.28448867797899996,HMB4
1479425747784171740.png,-0.28448867797899996,HMB4
1479425747834233312.png,-0.28448867797899996,HMB4
1479425747884159177.png,-0.28448867797899996,HMB4
1479425747934182253.png,-0.28379054069539994,HMB4
1479425747984260843.png,-0.28379054069539994,HMB4
1479425748034242250.png,-0.2813470840452,HMB4
1479425748084234594.png,-0.2813470840452,HMB4
1479425748134247093.png,-0.280998021364,HMB4
1479425748184215836.png,-0.280998021364,HMB4
1479425748234375623.png,-0.2789036154748,HMB4
1479425748284275372.png,-0.2789036154748,HMB4
1479425748334278046.png,-0.2761110901836,HMB4
1479425748384315750.png,-0.2761110901836,HMB4
1479425748434343866.png,-0.2733185589312,HMB4
1479425748484418676.png,-0.2733185589312,HMB4
1479425748534346232.png,-0.2635447084904,HMB4
1479425748584307553.png,-0.2635447084904,HMB4
1479425748634493784.png,-0.244695162773,HMB4
1479425748684313428.png,-0.244695162773,HMB4
1479425748734372482.png,-0.2195624172686,HMB4
1479425748784447028.png,-0.2195624172686,HMB4
1479425748834387796.png,-0.18116517663000004,HMB4
1479425748884375924.png,-0.18116517663000004,HMB4
1479425748934357230.png,-0.1399754077196,HMB4
1479425748984366003.png,-0.1399754077196,HMB4
1479425749034396861.png,-0.116587993503,HMB4
1479425749084409907.png,-0.116587993503,HMB4
1479425749134457958.png,-0.11588986069,HMB4
1479425749184404967.png,-0.11588986069,HMB4
1479425749234427102.png,-0.12461651265640002,HMB4
1479425749284412794.png,-0.12461651265640002,HMB4
1479425749334479011.png,-0.1239183813336,HMB4
1479425749384596845.png,-0.1239183813336,HMB4
1479425749434526956.png,-0.10751228183528001,HMB4
1479425749484514897.png,-0.10751228183528001,HMB4
1479425749534467738.png,-0.07120943367482,HMB4
1479425749584533805.png,-0.07120943367482,HMB4
1479425749634529848.png,-0.03385938815772,HMB4
1479425749684595598.png,-0.03385938815772,HMB4
1479425749734565243.png,-0.0209439508617,HMB4
1479425749784516113.png,-0.0209439508617,HMB4
1479425749834521893.png,-0.0209439508617,HMB4
1479425749884638236.png,-0.0209439508617,HMB4
1479425749934687399.png,-0.019896753877379998,HMB4
1479425749984589877.png,-0.019896753877379998,HMB4
1479425750034565971.png,-0.0191986225545,HMB4
1479425750084622041.png,-0.0191986225545,HMB4
1479425750134669819.png,-0.018151424452620003,HMB4
1479425750184625250.png,-0.018151424452620003,HMB4
1479425750234588643.png,-0.01256637070326,HMB4
1479425750284641173.png,-0.01256637070326,HMB4
1479425750334657508.png,-0.004886921867726001,HMB4
1479425750384608730.png,-0.004886921867726001,HMB4
1479425750434697676.png,0.001396263390776,HMB4
1479425750484646854.png,0.001396263390776,HMB4
1479425750534754170.png,0.004886921867728,HMB4
1479425750584646688.png,0.004886921867728,HMB4
1479425750634730425.png,0.014311699755474,HMB4
1479425750684760103.png,0.014311699755474,HMB4
1479425750734680960.png,0.034906585142000006,HMB4
1479425750784750241.png,0.034906585142000006,HMB4
1479425750834723441.png,0.05654866844416,HMB4
1479425750885316604.png,0.05654866844416,HMB4
1479425750934729260.png,0.06562438160181999,HMB4
1479425750984804302.png,0.06562438160181999,HMB4
1479425751034739716.png,0.0715584978461,HMB4
1479425751084833503.png,0.0715584978461,HMB4
1479425751134789572.png,0.07635815627875,HMB4
1479425751184789433.png,0.07635815627875,HMB4
1479425751234786689.png,0.07679449021819999,HMB4
1479425751284750188.png,0.07679449021819999,HMB4
1479425751334748540.png,0.07679449021819999,HMB4
1479425751384906004.png,0.07679449021819999,HMB4
1479425751434846477.png,0.07853981852530001,HMB4
1479425751484800437.png,0.07853981852530001,HMB4
1479425751534840041.png,0.07819075286388001,HMB4
1479425751584887079.png,0.07819075286388001,HMB4
1479425751634875726.png,0.07051130235196,HMB4
1479425751684919113.png,0.07051130235196,HMB4
1479425751734829902.png,0.04363323077558,HMB4
1479425751784858295.png,0.04363323077558,HMB4
1479425751834848654.png,0.01815142445264,HMB4
1479425751884901474.png,0.01815142445264,HMB4
1479425751934903254.png,0.009424777887758,HMB4
1479425751984919832.png,0.009424777887758,HMB4
1479425752034969060.png,0.001396263390778,HMB4
1479425752084958145.png,0.001396263390778,HMB4
1479425752134985595.png,-0.005934119410814001,HMB4
1479425752185023460.png,-0.005934119410814001,HMB4
1479425752234956152.png,-0.0069813169539,HMB4
1479425752284976449.png,-0.0069813169539,HMB4
1479425752334991058.png,-0.011519172973914003,HMB4
1479425752385522816.png,-0.011519172973914003,HMB4
1479425752434998395.png,-0.027227136865259998,HMB4
1479425752485046008.png,-0.027227136865259998,HMB4
1479425752535029604.png,-0.033161256462300004,HMB4
1479425752585013914.png,-0.033161256462300004,HMB4
1479425752634989861.png,-0.027227136865260005,HMB4
1479425752685107039.png,-0.027227136865260005,HMB4
1479425752735178234.png,-0.02059488520026,HMB4
1479425752785130560.png,-0.02059488520026,HMB4
1479425752835217505.png,-0.01884955652054,HMB4
1479425752885128347.png,-0.01884955652054,HMB4
1479425752935131835.png,-0.013962634094040003,HMB4
1479425752985121808.png,-0.013962634094040003,HMB4
1479425753035099869.png,-0.001047197543086,HMB4
1479425753085141246.png,-0.001047197543086,HMB4
1479425753135151751.png,0.009075712040048001,HMB4
1479425753185189484.png,0.009075712040048001,HMB4
1479425753235131548.png,0.009424777887734,HMB4
1479425753285160026.png,0.009424777887734,HMB4
1479425753335195000.png,0.0027925267815559996,HMB4
1479425753385135566.png,0.0027925267815559996,HMB4
1479425753435090091.png,0.00174532923847,HMB4
1479425753485169532.png,0.00174532923847,HMB4
1479425753535170609.png,0.0006981316953879998,HMB4
1479425753585251030.png,0.0006981316953879998,HMB4
1479425753635152596.png,-0.004537856020031999,HMB4
1479425753685316423.png,-0.004537856020031999,HMB4
1479425753735266863.png,-0.00523598771542,HMB4
1479425753785245050.png,-0.00523598771542,HMB4
1479425753835279459.png,-0.00349065847695,HMB4
1479425753885592217.png,-0.00349065847695,HMB4
1479425753935203965.png,-0.00349065847695,HMB4
1479425753985311635.png,-0.00349065847695,HMB4
1479425754035204586.png,-0.00349065847695,HMB4
1479425754085280446.png,-0.00349065847695,HMB4
1479425754135313319.png,-0.00349065847695,HMB4
1479425754185289090.png,-0.00349065847695,HMB4
1479425754235276485.png,-0.00069813169539,HMB4
1479425754285367303.png,-0.00069813169539,HMB4
1479425754335279733.png,0.00174532923847,HMB4
1479425754385286015.png,0.00174532923847,HMB4
1479425754435370069.png,0.00174532923847,HMB4
1479425754485195829.png,0.00174532923847,HMB4
1479425754535353355.png,0.00174532923847,HMB4
1479425754585331497.png,0.00174532923847,HMB4
1479425754635495700.png,0.004537856020031999,HMB4
1479425754685338555.png,0.004537856020031999,HMB4
1479425754735393671.png,0.01082104127854,HMB4
1479425754785454836.png,0.01082104127854,HMB4
1479425754835414061.png,0.01780235916374,HMB4
1479425754885484025.png,0.01780235916374,HMB4
1479425754935488771.png,0.01745329312978,HMB4
1479425754985435744.png,0.01745329312978,HMB4
1479425755035441315.png,0.0157079640776,HMB4
1479425755085528638.png,0.0157079640776,HMB4
1479425755135528035.png,0.0157079640776,HMB4
1479425755185490505.png,0.0157079640776,HMB4
1479425755235506691.png,0.0139626339078,HMB4
1479425755285514009.png,0.0139626339078,HMB4
1479425755335492265.png,0.012566370517014,HMB4
1479425755386103304.png,0.012566370517014,HMB4
1479425755435542252.png,0.008726646192370001,HMB4
1479425755485565539.png,0.008726646192370001,HMB4
1479425755535509974.png,0.007679448649288001,HMB4
1479425755585514053.png,0.007679448649288001,HMB4
1479425755635542332.png,0.005934119410812,HMB4
1479425755685551488.png,0.005934119410812,HMB4
1479425755735571842.png,0.0034906584769460007,HMB4
1479425755785554026.png,0.0034906584769460007,HMB4
1479425755835547437.png,0.0006981316953879998,HMB4
1479425755885620787.png,0.0006981316953879998,HMB4
1479425755935599971.png,-0.004188790172338,HMB4
1479425755985648597.png,-0.004188790172338,HMB4
1479425756035717376.png,-0.00523598771542,HMB4
1479425756085690203.png,-0.00523598771542,HMB4
1479425756135653671.png,-0.00523598771542,HMB4
1479425756185715642.png,-0.00523598771542,HMB4
1479425756235689286.png,-0.00523598771542,HMB4
1479425756285733704.png,-0.00523598771542,HMB4
1479425756335663958.png,-0.00523598771542,HMB4
1479425756385741733.png,-0.00523598771542,HMB4
1479425756435682329.png,-0.00523598771542,HMB4
1479425756485739700.png,-0.00523598771542,HMB4
1479425756535716032.png,-0.006283185258508001,HMB4
1479425756585736618.png,-0.006283185258508001,HMB4
1479425756635705993.png,-0.008377580344676,HMB4
1479425756685728913.png,-0.008377580344676,HMB4
1479425756735700536.png,-0.008726646192370001,HMB4
1479425756785835308.png,-0.008726646192370001,HMB4
1479425756835722475.png,-0.007679448649286001,HMB4
1479425756886322342.png,-0.007679448649286001,HMB4
1479425756935803275.png,-0.004537856020032001,HMB4
1479425756985818452.png,-0.004537856020032001,HMB4
1479425757035822731.png,-0.00349065847695,HMB4
1479425757085811030.png,-0.00349065847695,HMB4
1479425757135850793.png,-0.000349065847694,HMB4
1479425757185834984.png,-0.000349065847694,HMB4
1479425757235849952.png,0.0,HMB4
1479425757285881886.png,0.0,HMB4
1479425757335841749.png,-0.00069813169539,HMB4
1479425757385856633.png,-0.00069813169539,HMB4
1479425757435870949.png,-0.004537856020032,HMB4
1479425757485890527.png,-0.004537856020032,HMB4
1479425757535861160.png,-0.01710422728208,HMB4
1479425757585886987.png,-0.01710422728208,HMB4
1479425757636008195.png,-0.02234021499754,HMB4
1479425757685931998.png,-0.02234021499754,HMB4
1479425757735960767.png,-0.0226892810315,HMB4
1479425757785927818.png,-0.0226892810315,HMB4
1479425757836013025.png,-0.0226892810315,HMB4
1479425757885916740.png,-0.0226892810315,HMB4
1479425757936021389.png,-0.0226892810315,HMB4
1479425757985961277.png,-0.0226892810315,HMB4
1479425758035968603.png,-0.0261799391359,HMB4
1479425758086053368.png,-0.0261799391359,HMB4
1479425758135985378.png,-0.035604716837400005,HMB4
1479425758185996661.png,-0.035604716837400005,HMB4
1479425758236068366.png,-0.05445427298546,HMB4
1479425758286041255.png,-0.05445427298546,HMB4
1479425758336049319.png,-0.05934119597080001,HMB4
1479425758386101970.png,-0.05934119597080001,HMB4
1479425758436054971.png,-0.05445427298546,HMB4
1479425758486029145.png,-0.05445427298546,HMB4
1479425758536085989.png,-0.04991641566156,HMB4
1479425758586104655.png,-0.04991641566156,HMB4
1479425758636089630.png,-0.0488692186773,HMB4
1479425758686082096.png,-0.0488692186773,HMB4
1479425758736069301.png,-0.048520153015860004,HMB4
1479425758786118197.png,-0.048520153015860004,HMB4
1479425758836111578.png,-0.04607669264076,HMB4
1479425758886127876.png,-0.04607669264076,HMB4
1479425758936120401.png,-0.0418879017234,HMB4
1479425758986151045.png,-0.0418879017234,HMB4
1479425759036212020.png,-0.04258603379132,HMB4
1479425759086129538.png,-0.04258603379132,HMB4
1479425759136164006.png,-0.050963614135979995,HMB4
1479425759186184482.png,-0.050963614135979995,HMB4
1479425759236180848.png,-0.06073745936156001,HMB4
1479425759286174973.png,-0.06073745936156001,HMB4
1479425759336194224.png,-0.0628318563104,HMB4
1479425759386174384.png,-0.0628318563104,HMB4
1479425759436202776.png,-0.0628318563104,HMB4
1479425759486234638.png,-0.0628318563104,HMB4
1479425759536299510.png,-0.0628318563104,HMB4
1479425759586223684.png,-0.0628318563104,HMB4
1479425759636265360.png,-0.06073745861648,HMB4
1479425759686272408.png,-0.06073745861648,HMB4
1479425759736232318.png,-0.057944931834940004,HMB4
1479425759786372067.png,-0.057944931834940004,HMB4
1479425759836271790.png,-0.039444441348319995,HMB4
1479425759886292458.png,-0.039444441348319995,HMB4
1479425759936263588.png,0.005235987715426001,HMB4
1479425759986301947.png,0.005235987715426001,HMB4
1479425760036287882.png,0.014660765789434,HMB4
1479425760086289073.png,0.014660765789434,HMB4
1479425760136344503.png,-0.002792526781552,HMB4
1479425760186328394.png,-0.002792526781552,HMB4
1479425760236364565.png,-0.017802358791200002,HMB4
1479425760286395024.png,-0.017802358791200002,HMB4
1479425760336537634.png,-0.0191986225545,HMB4
1479425760386406844.png,-0.0191986225545,HMB4
1479425760436508141.png,-0.0191986225545,HMB4
1479425760486365393.png,-0.0191986225545,HMB4
1479425760536424467.png,-0.0191986225545,HMB4
1479425760586503066.png,-0.0191986225545,HMB4
1479425760636428846.png,-0.019547688215940003,HMB4
1479425760686456554.png,-0.019547688215940003,HMB4
1479425760736514890.png,-0.02757620252668,HMB4
1479425760786422578.png,-0.02757620252668,HMB4
1479425760836411402.png,-0.04153883680702,HMB4
1479425760886440201.png,-0.04153883680702,HMB4
1479425760936449633.png,-0.045378562063,HMB4
1479425760986491123.png,-0.045378562063,HMB4
1479425761036491424.png,-0.045378562063,HMB4
1479425761086458847.png,-0.045378562063,HMB4
1479425761136512262.png,-0.045378562063,HMB4
1479425761186491945.png,-0.045378562063,HMB4
1479425761236544743.png,-0.044331362843500005,HMB4
1479425761286532886.png,-0.044331362843500005,HMB4
1479425761336412888.png,-0.042935098707660005,HMB4
1479425761386435076.png,-0.042935098707660005,HMB4
1479425761436468655.png,-0.038048177957519996,HMB4
1479425761486521289.png,-0.038048177957519996,HMB4
1479425761536743000.png,-0.030368729308260005,HMB4
1479425761586688752.png,-0.030368729308260005,HMB4
1479425761636672622.png,-0.0279252678156,HMB4
1479425761686484330.png,-0.0279252678156,HMB4
1479425761736615492.png,-0.0279252678156,HMB4
1479425761786588230.png,-0.0279252678156,HMB4
1479425761837075098.png,-0.027576202154160002,HMB4
1479425761886558739.png,-0.027576202154160002,HMB4
1479425761936628881.png,-0.02722713649272,HMB4
1479425761986643687.png,-0.02722713649272,HMB4
1479425762036574491.png,-0.027576202154160002,HMB4
1479425762087254404.png,-0.027576202154160002,HMB4
1479425762136735627.png,-0.02687807083128,HMB4
1479425762186756567.png,-0.02687807083128,HMB4
1479425762236784965.png,-0.025830873474440002,HMB4
1479425762286804303.png,-0.025830873474440002,HMB4
1479425762336789638.png,-0.0226892810315,HMB4
1479425762386791197.png,-0.0226892810315,HMB4
1479425762436861797.png,-0.019198622182,HMB4
1479425762486905972.png,-0.019198622182,HMB4
1479425762536866972.png,-0.01256637070326,HMB4
1479425762586826338.png,-0.01256637070326,HMB4
1479425762636866249.png,-0.007679448649288001,HMB4
1479425762686910117.png,-0.007679448649288001,HMB4
1479425762736912620.png,-0.009075712040056002,HMB4
1479425762786892018.png,-0.009075712040056002,HMB4
1479425762836983262.png,-0.0104719754308,HMB4
1479425762886883961.png,-0.0104719754308,HMB4
1479425762936962086.png,-0.011170107126199999,HMB4
1479425762986937391.png,-0.011170107126199999,HMB4
1479425763036898814.png,-0.01439896645025,HMB4
1479425763086918736.png,-0.01439896645025,HMB4
1479425763136966273.png,-0.02059488520026,HMB4
1479425763186956849.png,-0.02059488520026,HMB4
1479425763236978744.png,-0.0209439508617,HMB4
1479425763286932121.png,-0.0209439508617,HMB4
1479425763336936407.png,-0.02129301689566,HMB4
1479425763387055237.png,-0.02129301689566,HMB4
1479425763437041854.png,-0.0226892810315,HMB4
1479425763486965699.png,-0.0226892810315,HMB4
1479425763537060270.png,-0.02234021499754,HMB4
1479425763587053218.png,-0.02234021499754,HMB4
1479425763637043598.png,-0.0209439508617,HMB4
1479425763686992145.png,-0.0209439508617,HMB4
1479425763736946212.png,-0.01815142445264,HMB4
1479425763787336228.png,-0.01815142445264,HMB4
1479425763837170636.png,-0.014660765975720002,HMB4
1479425763887253644.png,-0.014660765975720002,HMB4
1479425763937273258.png,-0.012217304669299999,HMB4
1479425763987174683.png,-0.012217304669299999,HMB4
1479425764037258804.png,-0.012217304669299999,HMB4
1479425764087176665.png,-0.012217304669299999,HMB4
1479425764137243404.png,-0.0129154363647,HMB4
1479425764187301772.png,-0.0129154363647,HMB4
1479425764237264441.png,-0.019198622182000004,HMB4
1479425764287270438.png,-0.019198622182000004,HMB4
1479425764337290914.png,-0.027576202154160002,HMB4
1479425764387246878.png,-0.027576202154160002,HMB4
1479425764437329460.png,-0.0279252678156,HMB4
1479425764487296661.png,-0.0279252678156,HMB4
1479425764537331066.png,-0.0279252678156,HMB4
1479425764587311377.png,-0.0279252678156,HMB4
1479425764637320938.png,-0.0279252678156,HMB4
1479425764687322953.png,-0.0279252678156,HMB4
1479425764737402013.png,-0.031415927410120004,HMB4
1479425764787380148.png,-0.031415927410120004,HMB4
1479425764837448433.png,-0.03455751910806001,HMB4
1479425764887385607.png,-0.03455751910806001,HMB4
1479425764937386975.png,-0.0349065847695,HMB4
1479425764987417173.png,-0.0349065847695,HMB4
1479425765037407467.png,-0.0366519130766,HMB4
1479425765087402990.png,-0.0366519130766,HMB4
1479425765137449835.png,-0.0366519130766,HMB4
1479425765187422130.png,-0.0366519130766,HMB4
1479425765237425606.png,-0.03979350775479999,HMB4
1479425765287454015.png,-0.03979350775479999,HMB4
1479425765337470815.png,-0.04468042999508,HMB4
1479425765387420192.png,-0.04468042999508,HMB4
1479425765437478747.png,-0.045378562063,HMB4
1479425765487549468.png,-0.045378562063,HMB4
1479425765537496724.png,-0.04328416585922,HMB4
1479425765587455908.png,-0.04328416585922,HMB4
1479425765637530592.png,-0.03281219042838,HMB4
1479425765687494319.png,-0.03281219042838,HMB4
1479425765737594944.png,-0.02827433384956,HMB4
1479425765787589343.png,-0.02827433384956,HMB4
1479425765837545098.png,-0.03490658476948,HMB4
1479425765887600109.png,-0.03490658476948,HMB4
1479425765937584394.png,-0.04153883606194,HMB4
1479425765987579510.png,-0.04153883606194,HMB4
1479425766037610969.png,-0.04956735000011999,HMB4
1479425766087627144.png,-0.04956735000011999,HMB4
1479425766137590621.png,-0.0506145469844,HMB4
1479425766187551124.png,-0.0506145469844,HMB4
1479425766237682149.png,-0.0506145469844,HMB4
1479425766287613682.png,-0.0506145469844,HMB4
1479425766337641036.png,-0.0506145469844,HMB4
1479425766387616585.png,-0.0506145469844,HMB4
1479425766437670588.png,-0.0506145469844,HMB4
1479425766487640330.png,-0.0506145469844,HMB4
1479425766537682075.png,-0.0516617462039,HMB4
1479425766587657677.png,-0.0516617462039,HMB4
1479425766637679928.png,-0.0523598790169,HMB4
1479425766687680858.png,-0.0523598790169,HMB4
1479425766737766427.png,-0.0523598790169,HMB4
1479425766787672285.png,-0.0523598790169,HMB4
1479425766837699576.png,-0.052010812610400005,HMB4
1479425766887711430.png,-0.052010812610400005,HMB4
1479425766937764900.png,-0.0506145469844,HMB4
1479425766987767825.png,-0.0506145469844,HMB4
1479425767037777209.png,-0.045727626234280006,HMB4
1479425767087761905.png,-0.045727626234280006,HMB4
1479425767137751154.png,-0.0401425734162,HMB4
1479425767187817371.png,-0.0401425734162,HMB4
1479425767237780514.png,-0.03979350775478,HMB4
1479425767287856049.png,-0.03979350775478,HMB4
1479425767337779653.png,-0.026529004424800003,HMB4
1479425767387840073.png,-0.026529004424800003,HMB4
1479425767437838838.png,0.006632251292460001,HMB4
1479425767487843109.png,0.006632251292460001,HMB4
1479425767537913759.png,0.023038346320379998,HMB4
1479425767587921067.png,0.023038346320379998,HMB4
1479425767637841003.png,0.011868239194148,HMB4
1479425767687912794.png,0.011868239194148,HMB4
1479425767737870502.png,-0.006632251106189998,HMB4
1479425767787858743.png,-0.006632251106189998,HMB4
1479425767838166199.png,-0.01535889804364,HMB4
1479425767887966144.png,-0.01535889804364,HMB4
1479425767937887494.png,-0.011170107312498,HMB4
1479425767987994836.png,-0.011170107312498,HMB4
1479425768037896714.png,-0.00523598771542,HMB4
1479425768088036954.png,-0.00523598771542,HMB4
1479425768138024992.png,-0.00523598771542,HMB4
1479425768187965427.png,-0.00523598771542,HMB4
1479425768237943791.png,-0.00523598771542,HMB4
1479425768288078441.png,-0.00523598771542,HMB4
1479425768338042954.png,-0.00523598771542,HMB4
1479425768388057366.png,-0.00523598771542,HMB4
1479425768438094195.png,-0.004886921867726,HMB4
1479425768487975084.png,-0.004886921867726,HMB4
1479425768538030344.png,-0.00349065847695,HMB4
1479425768588017576.png,-0.00349065847695,HMB4
1479425768638130387.png,-0.00349065847695,HMB4
1479425768688105702.png,-0.00349065847695,HMB4
1479425768738271360.png,-0.00349065847695,HMB4
1479425768788094390.png,-0.00349065847695,HMB4
1479425768838150758.png,-0.000698131695388,HMB4
1479425768888098375.png,-0.000698131695388,HMB4
1479425768938121385.png,0.0,HMB4
1479425768988160209.png,0.0,HMB4
1479425769038157536.png,0.000698131695388,HMB4
1479425769088115601.png,0.000698131695388,HMB4
1479425769138138234.png,0.00174532923847,HMB4
1479425769188152210.png,0.00174532923847,HMB4
1479425769238155797.png,0.00174532923847,HMB4
1479425769288104637.png,0.00174532923847,HMB4
1479425769338194119.png,0.00174532923847,HMB4
1479425769388162785.png,0.00174532923847,HMB4
1479425769438230232.png,0.00174532923847,HMB4
1479425769488199449.png,0.00174532923847,HMB4
1479425769538198984.png,0.00174532923847,HMB4
1479425769588161036.png,0.00174532923847,HMB4
1479425769638253568.png,0.00174532923847,HMB4
1479425769688203775.png,0.00174532923847,HMB4
1479425769738302087.png,0.00174532923847,HMB4
1479425769788225481.png,0.00174532923847,HMB4
1479425769838260551.png,0.00174532923847,HMB4
1479425769888292636.png,0.00174532923847,HMB4
1479425769938218213.png,0.00174532923847,HMB4
1479425769988264601.png,0.00174532923847,HMB4
1479425770038255560.png,0.002792526781558,HMB4
1479425770088374713.png,0.002792526781558,HMB4
1479425770138271761.png,0.00523598771542,HMB4
1479425770188349093.png,0.00523598771542,HMB4
1479425770238313532.png,0.004537856020032001,HMB4
1479425770288316375.png,0.004537856020032001,HMB4
1479425770338357058.png,0.00174532923847,HMB4
1479425770388334844.png,0.00174532923847,HMB4
1479425770438326933.png,0.00174532923847,HMB4
1479425770488397178.png,0.00174532923847,HMB4
1479425770538378316.png,0.00174532923847,HMB4
1479425770588382815.png,0.00174532923847,HMB4
1479425770638411806.png,0.00244346093386,HMB4
1479425770688355512.png,0.00244346093386,HMB4
1479425770738521162.png,0.0338593881577,HMB4
1479425770788469260.png,0.0338593881577,HMB4
1479425770838391905.png,0.07155849784611999,HMB4
1479425770888459070.png,0.07155849784611999,HMB4
1479425770938441950.png,0.048520153760920004,HMB4
1479425770988456279.png,0.048520153760920004,HMB4
1479425771038452609.png,0.008726646564894,HMB4
1479425771088456152.png,0.008726646564894,HMB4
1479425771138511988.png,-0.026529004424799996,HMB4
1479425771188501915.png,-0.026529004424799996,HMB4
1479425771238559347.png,-0.0453785613179,HMB4
1479425771288600969.png,-0.0453785613179,HMB4
1479425771338524143.png,-0.04433136358856,HMB4
1479425771388587847.png,-0.04433136358856,HMB4
1479425771438588671.png,-0.03804817721244,HMB4
1479425771488622331.png,-0.03804817721244,HMB4
1479425771538527595.png,-0.048520153015860004,HMB4
1479425771588535942.png,-0.048520153015860004,HMB4
1479425771638619447.png,-0.06248278990390001,HMB4
1479425771688607399.png,-0.06248278990390001,HMB4
1479425771738526189.png,-0.0628318563104,HMB4
1479425771788668253.png,-0.0628318563104,HMB4
1479425771838704911.png,-0.06003932803872001,HMB4
1479425771888605927.png,-0.06003932803872001,HMB4
1479425771938688248.png,-0.06108652576806001,HMB4
1479425771988601636.png,-0.06108652576806001,HMB4
1479425772038732934.png,-0.06527531594037998,HMB4
1479425772088629999.png,-0.06527531594037998,HMB4
1479425772138666463.png,-0.07330382615326,HMB4
1479425772188618936.png,-0.07330382615326,HMB4
1479425772238797890.png,-0.07609635591508,HMB4
1479425772288726055.png,-0.07609635591508,HMB4
1479425772338719846.png,-0.07679449021819999,HMB4
1479425772388793048.png,-0.07679449021819999,HMB4
1479425772438812040.png,-0.07784168720246001,HMB4
1479425772488784207.png,-0.07784168720246001,HMB4
1479425772539125918.png,-0.07679449021819999,HMB4
1479425772588787285.png,-0.07679449021819999,HMB4
1479425772638955077.png,-0.07853981852534,HMB4
1479425772688756457.png,-0.07853981852534,HMB4
1479425772738839630.png,-0.10332349091770002,HMB4
1479425772788771094.png,-0.10332349091770002,HMB4
1479425772838887379.png,-0.14032447189100003,HMB4
1479425772888811448.png,-0.14032447189100003,HMB4
1479425772938799354.png,-0.17034413218500002,HMB4
1479425772988794252.png,-0.17034413218500002,HMB4
1479425773038865102.png,-0.17941984832280003,HMB4
1479425773088921114.png,-0.17941984832280003,HMB4
1479425773139012052.png,-0.1898918241262,HMB4
1479425773188898304.png,-0.1898918241262,HMB4
1479425773239017261.png,-0.19582594037040002,HMB4
1479425773288831808.png,-0.19582594037040002,HMB4
1479425773338925510.png,-0.2042035192252,HMB4
1479425773388831569.png,-0.2042035192252,HMB4
1479425773438938908.png,-0.2216568142176,HMB4
1479425773488930446.png,-0.2216568142176,HMB4
1479425773538997479.png,-0.23073252141439998,HMB4
1479425773588879148.png,-0.23073252141439998,HMB4
1479425773638954988.png,-0.20629791915419998,HMB4
1479425773688921263.png,-0.20629791915419998,HMB4
1479425773738973560.png,-0.17872171401959996,HMB4
1479425773789018144.png,-0.17872171401959996,HMB4
1479425773839060452.png,-0.1769763797518,HMB4
1479425773888965158.png,-0.1769763797518,HMB4
1479425773939012518.png,-0.183259576559,HMB4
1479425773988950125.png,-0.183259576559,HMB4
1479425774039006873.png,-0.16824973821640002,HMB4
1479425774088954951.png,-0.16824973821640002,HMB4
1479425774139059283.png,-0.1169370606542,HMB4
1479425774189009656.png,-0.1169370606542,HMB4
1479425774239069600.png,-0.10995574295540003,HMB4
1479425774289119260.png,-0.10995574295540003,HMB4
1479425774339096202.png,-0.13927727341659998,HMB4
1479425774389032763.png,-0.13927727341659998,HMB4
1479425774439087903.png,-0.15638150572780002,HMB4
1479425774489043815.png,-0.15638150572780002,HMB4
1479425774539110716.png,-0.15463617742039998,HMB4
1479425774589143619.png,-0.15463617742039998,HMB4
1479425774639140347.png,-0.146258586645,HMB4
1479425774689099133.png,-0.146258586645,HMB4
1479425774739119337.png,-0.1417207330464,HMB4
1479425774789163762.png,-0.1417207330464,HMB4
1479425774839149954.png,-0.14049900323150002,HMB4
1479425774889091773.png,-0.14049900323150002,HMB4
1479425774939146512.png,-0.139626339078,HMB4
1479425774989155567.png,-0.139626339078,HMB4
1479425775039257629.png,-0.1392772734166,HMB4
1479425775089238526.png,-0.1392772734166,HMB4
1479425775139175312.png,-0.1357866168022,HMB4
1479425775189221857.png,-0.1357866168022,HMB4
1479425775239159732.png,-0.1242674455048,HMB4
1479425775289212454.png,-0.1242674455048,HMB4
1479425775339273191.png,-0.10855947881940001,HMB4
1479425775389239516.png,-0.10855947881940001,HMB4
1479425775439213851.png,-0.10367255806940001,HMB4
1479425775489184320.png,-0.10367255806940001,HMB4
1479425775539247502.png,-0.1040216222406,HMB4
1479425775589329495.png,-0.1040216222406,HMB4
1479425775639297553.png,-0.10751228332519999,HMB4
1479425775689231860.png,-0.10751228332519999,HMB4
1479425775739319469.png,-0.108210414648,HMB4
1479425775789329306.png,-0.108210414648,HMB4
1479425775839279503.png,-0.106465086341,HMB4
1479425775889365863.png,-0.106465086341,HMB4
1479425775939404751.png,-0.104719758034,HMB4
1479425775989318465.png,-0.104719758034,HMB4
1479425776039324782.png,-0.104719758034,HMB4
1479425776089394244.png,-0.104719758034,HMB4
1479425776139344715.png,-0.1096066772936,HMB4
1479425776189417335.png,-0.1096066772936,HMB4
1479425776239425518.png,-0.11344639957,HMB4
1479425776289368308.png,-0.11344639957,HMB4
1479425776339385694.png,-0.1144935965542,HMB4
1479425776389426323.png,-0.1144935965542,HMB4
1479425776439472429.png,-0.11623892635140001,HMB4
1479425776489448974.png,-0.11623892635140001,HMB4
1479425776539387932.png,-0.11309733390820001,HMB4
1479425776589537182.png,-0.11309733390820001,HMB4
1479425776639506209.png,-0.106465086341,HMB4
1479425776689492139.png,-0.106465086341,HMB4
1479425776739568198.png,-0.104719758034,HMB4
1479425776789507182.png,-0.104719758034,HMB4
1479425776839547209.png,-0.1043706908824,HMB4
1479425776889619902.png,-0.1043706908824,HMB4
1479425776939568599.png,-0.0998328313232,HMB4
1479425776989511543.png,-0.0998328313232,HMB4
1479425777039549064.png,-0.09599310904740001,HMB4
1479425777089614354.png,-0.09599310904740001,HMB4
1479425777139475822.png,-0.09599310904740001,HMB4
1479425777189577559.png,-0.09599310904740001,HMB4
1479425777239578461.png,-0.09564404338598001,HMB4
1479425777289818935.png,-0.09564404338598001,HMB4
1479425777339525171.png,-0.08901179134846,HMB4
1479425777389674849.png,-0.08901179134846,HMB4
1479425777439572213.png,-0.07714355289936001,HMB4
1479425777489673149.png,-0.07714355289936001,HMB4
1479425777539636964.png,-0.06841690689324001,HMB4
1479425777589685671.png,-0.06841690689324001,HMB4
1479425777639624546.png,-0.05619960278274001,HMB4
1479425777689659508.png,-0.05619960278274001,HMB4
1479425777739677963.png,-0.047123889625060006,HMB4
1479425777789696032.png,-0.047123889625060006,HMB4
1479425777839739741.png,-0.038397243618960006,HMB4
1479425777889672661.png,-0.038397243618960006,HMB4
1479425777939643515.png,-0.031764993444100005,HMB4
1479425777989647248.png,-0.031764993444100005,HMB4
1479425778039678218.png,-0.027576202526680006,HMB4
1479425778089692435.png,-0.027576202526680006,HMB4
1479425778139707131.png,-0.024434609338599998,HMB4
1479425778189728306.png,-0.024434609338599998,HMB4
1479425778239750196.png,-0.02303834669292,HMB4
1479425778289767950.png,-0.02303834669292,HMB4
1479425778339726703.png,-0.0226892810315,HMB4
1479425778389817780.png,-0.0226892810315,HMB4
1479425778439816084.png,-0.021293017268179996,HMB4
1479425778489830526.png,-0.021293017268179996,HMB4
1479425778539746052.png,-0.012566370703260003,HMB4
1479425778589776747.png,-0.012566370703260003,HMB4
1479425778639827433.png,0.0010471975430819999,HMB4
1479425778689801721.png,0.0010471975430819999,HMB4
1479425778739850232.png,0.010471975430834002,HMB4
1479425778789792597.png,0.010471975430834002,HMB4
1479425778839862197.png,0.018849556148040004,HMB4
1479425778889838045.png,0.018849556148040004,HMB4
1479425778939803870.png,0.0167551608756,HMB4
1479425778989896001.png,0.0167551608756,HMB4
1479425779039935619.png,0.0010471975430820003,HMB4
1479425779089925019.png,0.0010471975430820003,HMB4
1479425779139875468.png,-0.022689280472680002,HMB4
1479425779189875211.png,-0.022689280472680002,HMB4
1479425779239897921.png,-0.04118976965544,HMB4
1479425779289921878.png,-0.04118976965544,HMB4
1479425779339877727.png,-0.04223696738482,HMB4
1479425779390003434.png,-0.04223696738482,HMB4
1479425779439900506.png,-0.0418879017234,HMB4
1479425779489937572.png,-0.0418879017234,HMB4
1479425779539924791.png,-0.0418879017234,HMB4
1479425779589971423.png,-0.0418879017234,HMB4
1479425779640048810.png,-0.04153883606196,HMB4
1479425779690013877.png,-0.04153883606196,HMB4
1479425779740022518.png,-0.0401425734162,HMB4
1479425779790048153.png,-0.0401425734162,HMB4
1479425779839989243.png,-0.03804817795751999,HMB4
1479425779890016805.png,-0.03804817795751999,HMB4
1479425779940047823.png,-0.03630284741518,HMB4
1479425779990129823.png,-0.03630284741518,HMB4
1479425780040049282.png,-0.03281219042838,HMB4
1479425780090038212.png,-0.03281219042838,HMB4
1479425780140003373.png,-0.01815142445264,HMB4
1479425780190054150.png,-0.01815142445264,HMB4
1479425780240050019.png,0.0,HMB4
1479425780290224899.png,0.0,HMB4
1479425780340112880.png,0.006283185258508001,HMB4
1479425780390185215.png,0.006283185258508001,HMB4
1479425780440123279.png,0.008377580344676,HMB4
1479425780490099295.png,0.008377580344676,HMB4
1479425780540214234.png,0.0115191729739,HMB4
1479425780590410331.png,0.0115191729739,HMB4
1479425780640225076.png,0.01605702936648,HMB4
1479425780690204952.png,0.01605702936648,HMB4
1479425780740216120.png,0.03281219005582,HMB4
1479425780790209660.png,0.03281219005582,HMB4
1479425780840182489.png,0.047822020947920006,HMB4
1479425780890351601.png,0.047822020947920006,HMB4
1479425780940206571.png,0.044331362843500005,HMB4
1479425780990254206.png,0.044331362843500005,HMB4
1479425781040167233.png,0.0380481787026,HMB4
1479425781090187676.png,0.0380481787026,HMB4
1479425781140238965.png,0.0380481787026,HMB4
1479425781190310860.png,0.0380481787026,HMB4
1479425781240207200.png,0.02862339951096,HMB4
1479425781290391083.png,0.02862339951096,HMB4
1479425781340382725.png,-0.013962634280320001,HMB4
1479425781390262925.png,-0.013962634280320001,HMB4
1479425781440230414.png,-0.030717795714720005,HMB4
1479425781490300073.png,-0.030717795714720005,HMB4
1479425781540285150.png,-0.020245819911339998,HMB4
1479425781590383648.png,-0.020245819911339998,HMB4
1479425781640362564.png,-0.018151424452620003,HMB4
1479425781690288054.png,-0.018151424452620003,HMB4
1479425781740284020.png,-0.0174532923847,HMB4
1479425781790405517.png,-0.0174532923847,HMB4
1479425781840363903.png,-0.01675516106186,HMB4
1479425781890384406.png,-0.01675516106186,HMB4
1479425781940415665.png,-0.0157079640776,HMB4
1479425781990376800.png,-0.0157079640776,HMB4
1479425782040413162.png,-0.0157079640776,HMB4
1479425782090873525.png,-0.0157079640776,HMB4
1479425782140392538.png,-0.011868238821613999,HMB4
1479425782190423833.png,-0.011868238821613999,HMB4
1479425782240469785.png,0.004188790172336,HMB4
1479425782290421913.png,0.004188790172336,HMB4
1479425782340576499.png,0.008028514496982001,HMB4
1479425782390433006.png,0.008028514496982001,HMB4
1479425782440422801.png,0.0069813169539,HMB4
1479425782490464299.png,0.0069813169539,HMB4
1479425782540624379.png,0.0069813169539,HMB4
1479425782590506116.png,0.0069813169539,HMB4
1479425782640607688.png,0.0055850535631180006,HMB4
1479425782690496506.png,0.0055850535631180006,HMB4
1479425782740666788.png,0.001745329238472,HMB4
1479425782790535282.png,0.001745329238472,HMB4
1479425782840509403.png,-0.008028514683244,HMB4
1479425782890589268.png,-0.008028514683244,HMB4
1479425782940559461.png,-0.025830873474460003,HMB4
1479425782990626883.png,-0.025830873474460003,HMB4
1479425783040563676.png,-0.04991641640662,HMB4
1479425783090544731.png,-0.04991641640662,HMB4
1479425783140577146.png,-0.0649262495339,HMB4
1479425783190627972.png,-0.0649262495339,HMB4
1479425783240660358.png,-0.07853981554506,HMB4
1479425783290683630.png,-0.07853981554506,HMB4
1479425783340602633.png,-0.10018189996488,HMB4
1479425783390622274.png,-0.10018189996488,HMB4
1479425783440644218.png,-0.1148426637056,HMB4
1479425783490576869.png,-0.1148426637056,HMB4
1479425783540770899.png,-0.118682391942,HMB4
1479425783590869077.png,-0.118682391942,HMB4
1479425783640761028.png,-0.12042772024900002,HMB4
1479425783690727473.png,-0.12042772024900002,HMB4
1479425783740731996.png,-0.1284562379122,HMB4
1479425783790653114.png,-0.1284562379122,HMB4
1479425783840691872.png,-0.138928207755,HMB4
1479425783890705667.png,-0.138928207755,HMB4
1479425783940728042.png,-0.14974924922,HMB4
1479425783990846209.png,-0.14974924922,HMB4
1479425784040836606.png,-0.1532399147746,HMB4
1479425784090756938.png,-0.1532399147746,HMB4
1479425784140774917.png,-0.158126834035,HMB4
1479425784190779117.png,-0.158126834035,HMB4
1479425784240786416.png,-0.1658062785866,HMB4
1479425784290767099.png,-0.1658062785866,HMB4
1479425784340800751.png,-0.167551606894,HMB4
1479425784390785671.png,-0.167551606894,HMB4
1479425784440777804.png,-0.167551606894,HMB4
1479425784490860962.png,-0.167551606894,HMB4
1479425784540887331.png,-0.171042263508,HMB4
1479425784590884546.png,-0.171042263508,HMB4
1479425784640981131.png,-0.1818633079528,HMB4
1479425784690845221.png,-0.1818633079528,HMB4
1479425784740835661.png,-0.2014109939336,HMB4
1479425784790840511.png,-0.2014109939336,HMB4
1479425784840941011.png,-0.2157226979732,HMB4
1479425784890864407.png,-0.2157226979732,HMB4
1479425784940885004.png,-0.23177972435940003,HMB4
1479425784990904296.png,-0.23177972435940003,HMB4
1479425785040888616.png,-0.2516764819622,HMB4
1479425785091465146.png,-0.2516764819622,HMB4
1479425785141030132.png,-0.2544690132142,HMB4
1479425785190987461.png,-0.2544690132142,HMB4
1479425785240973849.png,-0.2555162072184,HMB4
1479425785291073730.png,-0.2555162072184,HMB4
1479425785341030121.png,-0.254818081856,HMB4
1479425785390948643.png,-0.254818081856,HMB4
1479425785440963093.png,-0.254818081856,HMB4
1479425785491085113.png,-0.254818081856,HMB4
1479425785540930251.png,-0.25342180728880004,HMB4
1479425785591068332.png,-0.25342180728880004,HMB4
1479425785641038070.png,-0.2541199445724,HMB4
1479425785691081682.png,-0.2541199445724,HMB4
1479425785741058124.png,-0.2506292849776,HMB4
1479425785791081199.png,-0.2506292849776,HMB4
1479425785841122132.png,-0.2467895567418,HMB4
1479425785891006676.png,-0.2467895567418,HMB4
1479425785941148247.png,-0.23666664659980002,HMB4
1479425785991086178.png,-0.23666664659980002,HMB4
1479425786041059102.png,-0.2136282980442,HMB4
1479425786091100897.png,-0.2136282980442,HMB4
1479425786141090224.png,-0.1724385321142,HMB4
1479425786191143792.png,-0.1724385321142,HMB4
1479425786241134167.png,-0.146956720948,HMB4
1479425786291315562.png,-0.146956720948,HMB4
1479425786341146619.png,-0.1427679300306,HMB4
1479425786391209932.png,-0.1427679300306,HMB4
1479425786441389196.png,-0.11728612780580001,HMB4
1479425786491189253.png,-0.11728612780580001,HMB4
1479425786541266131.png,-0.08656833022832,HMB4
1479425786591719891.png,-0.08656833022832,HMB4
1479425786641230493.png,-0.0820304751396,HMB4
1479425786691262456.png,-0.0820304751396,HMB4
1479425786741204428.png,-0.0794124826789,HMB4
1479425786791259116.png,-0.0794124826789,HMB4
1479425786841278229.png,-0.06946410387754001,HMB4
1479425786891350045.png,-0.06946410387754001,HMB4
1479425786941217299.png,-0.06457718461749999,HMB4
1479425786991220628.png,-0.06457718461749999,HMB4
1479425787041253653.png,-0.06597344726326,HMB4
1479425787091278564.png,-0.06597344726326,HMB4
1479425787141367490.png,-0.05480333939194001,HMB4
1479425787191325031.png,-0.05480333939194001,HMB4
1479425787241273752.png,-0.037350045889599996,HMB4
1479425787291379027.png,-0.037350045889599996,HMB4
1479425787341431967.png,-0.02373647801578,HMB4
1479425787391271228.png,-0.02373647801578,HMB4
1479425787441355775.png,-0.008726646192368,HMB4
1479425787491324615.png,-0.008726646192368,HMB4
1479425787541363353.png,-0.002792526781558,HMB4
1479425787591389732.png,-0.002792526781558,HMB4
1479425787641405430.png,-0.01954768821596,HMB4
1479425787691343792.png,-0.01954768821596,HMB4
1479425787741408222.png,0.013613568618894002,HMB4
1479425787791403832.png,0.013613568618894002,HMB4
1479425787841458819.png,0.05794493257998,HMB4
1479425787891399472.png,0.05794493257998,HMB4
1479425787941447732.png,0.0663225129247,HMB4
1479425787991374716.png,0.0663225129247,HMB4
1479425788041401161.png,0.0663225129247,HMB4
1479425788091443339.png,0.0663225129247,HMB4
1479425788141453603.png,0.06213372275232,HMB4
1479425788191478552.png,0.06213372275232,HMB4
1479425788241566674.png,0.050963614135979995,HMB4
1479425788291451991.png,0.050963614135979995,HMB4
1479425788341561721.png,0.03455751985312,HMB4
1479425788391526595.png,0.03455751985312,HMB4
1479425788441622641.png,0.025481807440480002,HMB4
1479425788491507827.png,0.025481807440480002,HMB4
1479425788541549734.png,0.015009831823399999,HMB4
1479425788591585758.png,0.015009831823399999,HMB4
1479425788641643963.png,0.0031415926292520007,HMB4
1479425788691634273.png,0.0031415926292520007,HMB4
1479425788741690496.png,0.013264502584934001,HMB4
1479425788791603965.png,0.013264502584934001,HMB4
1479425788841615801.png,0.03769911192358001,HMB4
1479425788891613418.png,0.03769911192358001,HMB4
1479425788941692513.png,0.03281219042836,HMB4
1479425788991646029.png,0.03281219042836,HMB4
1479425789041661672.png,0.025132741779080002,HMB4
1479425789091717645.png,0.025132741779080002,HMB4
1479425789141714419.png,0.037000980973240005,HMB4
1479425789191620030.png,0.037000980973240005,HMB4
1479425789241631033.png,0.04572762623427999,HMB4
1479425789291676512.png,0.04572762623427999,HMB4
1479425789341666382.png,0.0506145469844,HMB4
1479425789391645168.png,0.0506145469844,HMB4
1479425789441706181.png,0.05305801033974,HMB4
1479425789491796007.png,0.05305801033974,HMB4
1479425789541781105.png,0.054105207324,HMB4
1479425789591677895.png,0.054105207324,HMB4
1479425789641772407.png,0.05480333864688001,HMB4
1479425789691739322.png,0.05480333864688001,HMB4
1479425789741674804.png,0.0558505356312,HMB4
1479425789791772167.png,0.0558505356312,HMB4
1479425789841769090.png,0.05899212881922,HMB4
1479425789891790647.png,0.05899212881922,HMB4
1479425789941734374.png,0.06806784123182,HMB4
1479425789991836970.png,0.06806784123182,HMB4
1479425790041806821.png,0.09215338528162001,HMB4
1479425790091830689.png,0.09215338528162001,HMB4
1479425790141785504.png,0.1242674455048,HMB4
1479425790191770542.png,0.1242674455048,HMB4
1479425790241871136.png,0.1539380401372,HMB4
1479425790291821575.png,0.1539380401372,HMB4
1479425790341863495.png,0.19163715243360002,HMB4
1479425790391844885.png,0.19163715243360002,HMB4
1479425790441893198.png,0.23736477792259997,HMB4
1479425790491917765.png,0.23736477792259997,HMB4
1479425790541851205.png,0.2537708818912,HMB4
1479425790591936004.png,0.2537708818912,HMB4
1479425790641933846.png,0.24818581938740003,HMB4
1479425790692001583.png,0.24818581938740003,HMB4
1479425790741888543.png,0.23527038097380001,HMB4
1479425790791999708.png,0.23527038097380001,HMB4
1479425790841853220.png,0.23387411832799998,HMB4
1479425790891886676.png,0.23387411832799998,HMB4
1479425790941877785.png,0.2415535718204,HMB4
1479425790991978579.png,0.2415535718204,HMB4
1479425791042001119.png,0.2450442284348,HMB4
1479425791091976583.png,0.2450442284348,HMB4
1479425791141966121.png,0.2597049891948,HMB4
1479425791192094048.png,0.2597049891948,HMB4
1479425791242040728.png,0.27087509036060003,HMB4
1479425791292021287.png,0.27087509036060003,HMB4
1479425791342019500.png,0.27052602171900003,HMB4
1479425791392074510.png,0.27052602171900003,HMB4
1479425791442040705.png,0.2687806963922,HMB4
1479425791492058749.png,0.2687806963922,HMB4
1479425791542037559.png,0.267035365105,HMB4
1479425791592069317.png,0.267035365105,HMB4
1479425791642035281.png,0.2673844337466,HMB4
1479425791692128765.png,0.2673844337466,HMB4
1479425791742120962.png,0.284488672018,HMB4
1479425791792102850.png,0.284488672018,HMB4
1479425791842081025.png,0.3166027247906,HMB4
1479425791892115666.png,0.3166027247906,HMB4
1479425791942147083.png,0.324631243944,HMB4
1479425791992082441.png,0.324631243944,HMB4
1479425792042175829.png,0.33440508246399997,HMB4
1479425792092101759.png,0.33440508246399997,HMB4
1479425792142148552.png,0.37140606641779994,HMB4
1479425792192193523.png,0.37140606641779994,HMB4
1479425792242153664.png,0.41469022631639996,HMB4
1479425792292171304.png,0.41469022631639996,HMB4
1479425792342252578.png,0.43284165263179997,HMB4
1479425792392250262.png,0.43284165263179997,HMB4
1479425792442201053.png,0.4440117657182,HMB4
1479425792492198350.png,0.4440117657182,HMB4
1479425792542152473.png,0.44575709104500005,HMB4
1479425792592387569.png,0.44575709104500005,HMB4
1479425792642261301.png,0.435285115242,HMB4
1479425792692291678.png,0.435285115242,HMB4
1479425792742262721.png,0.4230678141114,HMB4
1479425792792234136.png,0.4230678141114,HMB4
1479425792842353301.png,0.41852995753300004,HMB4
1479425792892272189.png,0.41852995753300004,HMB4
1479425792942270445.png,0.41678462624580004,HMB4
1479425792992289289.png,0.41678462624580004,HMB4
1479425793042283022.png,0.39933133721360003,HMB4
1479425793092262534.png,0.39933133721360003,HMB4
1479425793142364829.png,0.3707079350948,HMB4
1479425793192300003.png,0.3707079350948,HMB4
1479425793242277917.png,0.3504621088504,HMB4
1479425793292307015.png,0.3504621088504,HMB4
1479425793342348452.png,0.35639623999619996,HMB4
1479425793392347359.png,0.35639623999619996,HMB4
1479425793442345119.png,0.36477381587040003,HMB4
1479425793492478778.png,0.36477381587040003,HMB4
1479425793542414001.png,0.38292524218560003,HMB4
1479425793592515652.png,0.38292524218560003,HMB4
1479425793642372920.png,0.40910517573380006,HMB4
1479425793692408261.png,0.40910517573380006,HMB4
1479425793742398237.png,0.4516912043094,HMB4
1479425793792492516.png,0.4516912043094,HMB4
1479425793842424056.png,0.466002911329,HMB4
1479425793892438144.png,0.466002911329,HMB4
1479425793942425278.png,0.46774823665619997,HMB4
1479425793992515616.png,0.46774823665619997,HMB4
1479425794042454422.png,0.4935791134834,HMB4
1479425794092494312.png,0.4935791134834,HMB4
1479425794142420235.png,0.535117959976,HMB4
1479425794192463042.png,0.535117959976,HMB4
1479425794242492728.png,0.5249950408935999,HMB4
1479425794292603818.png,0.5249950408935999,HMB4
1479425794342538528.png,0.4918337821958,HMB4
1479425794392588251.png,0.4918337821958,HMB4
1479425794442489493.png,0.4670501053334,HMB4
1479425794492594831.png,0.4670501053334,HMB4
1479425794542522516.png,0.4628613173962,HMB4
1479425794592612538.png,0.4628613173962,HMB4
1479425794642600995.png,0.4670500993726,HMB4
1479425794692713013.png,0.4670500993726,HMB4
1479425794742656068.png,0.46111598014820004,HMB4
1479425794792610293.png,0.46111598014820004,HMB4
1479425794842563087.png,0.4317944586276,HMB4
1479425794892645882.png,0.4317944586276,HMB4
1479425794942662007.png,0.3892084240914,HMB4
1479425794992671006.png,0.3892084240914,HMB4
1479425795042714539.png,0.365122884512,HMB4
1479425795092696049.png,0.365122884512,HMB4
1479425795142774352.png,0.3864159047604,HMB4
1479425795192695624.png,0.3864159047604,HMB4
1479425795242692971.png,0.42167155146600005,HMB4
1479425795292640489.png,0.42167155146600005,HMB4
1479425795342703139.png,0.4370304346088,HMB4
1479425795392659979.png,0.4370304346088,HMB4
1479425795442701617.png,0.43109631538400006,HMB4
1479425795492749333.png,0.43109631538400006,HMB4
1479425795542768599.png,0.4349360466004001,HMB4
1479425795592761661.png,0.4349360466004001,HMB4
1479425795642771188.png,0.438077628613,HMB4
1479425795692778724.png,0.438077628613,HMB4
1479425795742780834.png,0.44610615372660006,HMB4
1479425795792811845.png,0.44610615372660006,HMB4
1479425795842785182.png,0.47647488713260006,HMB4
1479425795892825109.png,0.47647488713260006,HMB4
1479425795942845419.png,0.48101274371139996,HMB4
1479425795992770333.png,0.48101274371139996,HMB4
1479425796042837808.png,0.46739917397499997,HMB4
1479425796092849541.png,0.46739917397499997,HMB4
1479425796142837986.png,0.4701916992664,HMB4
1479425796192841494.png,0.4701916992664,HMB4
1479425796242860438.png,0.49008845090880004,HMB4
1479425796292971665.png,0.49008845090880004,HMB4
1479425796342922504.png,0.4817108750342,HMB4
1479425796392825583.png,0.4817108750342,HMB4
1479425796442914635.png,0.45762532949439994,HMB4
1479425796493018205.png,0.45762532949439994,HMB4
1479425796542914429.png,0.45099308490760004,HMB4
1479425796592895873.png,0.45099308490760004,HMB4
1479425796642906046.png,0.4387757778166,HMB4
1479425796692946436.png,0.4387757778166,HMB4
1479425796742915642.png,0.4293509960176,HMB4
1479425796793032136.png,0.4293509960176,HMB4
1479425796842952076.png,0.42411500811579994,HMB4
1479425796892999487.png,0.42411500811579994,HMB4
1479425796942956022.png,0.41818089485180004,HMB4
1479425796993046960.png,0.41818089485180004,HMB4
1479425797042933070.png,0.4139920949934,HMB4
1479425797093139589.png,0.4139920949934,HMB4
1479425797142994291.png,0.4101523697376,HMB4
1479425797192981746.png,0.4101523697376,HMB4
1479425797243149080.png,0.4007275938986,HMB4
1479425797293001841.png,0.4007275938986,HMB4
1479425797343022417.png,0.40701077580440004,HMB4
1479425797393072009.png,0.40701077580440004,HMB4
1479425797443091412.png,0.4611159861088,HMB4
1479425797493071821.png,0.4611159861088,HMB4
1479425797543138887.png,0.4733332931994,HMB4
1479425797593110569.png,0.4733332931994,HMB4
1479425797643085363.png,0.453785610199,HMB4
1479425797693072958.png,0.453785610199,HMB4
1479425797743130348.png,0.4600687861442,HMB4
1479425797793105368.png,0.4600687861442,HMB4
1479425797843339352.png,0.46286131143560005,HMB4
1479425797893117238.png,0.46286131143560005,HMB4
1479425797943108851.png,0.4447098970412,HMB4
1479425797993194644.png,0.4447098970412,HMB4
1479425798043162033.png,0.43842669725459993,HMB4
1479425798093146283.png,0.43842669725459993,HMB4
1479425798143249210.png,0.4422664403914,HMB4
1479425798193139708.png,0.4422664403914,HMB4
1479425798243233928.png,0.43388885259640003,HMB4
1479425798293196948.png,0.43388885259640003,HMB4
1479425798343188831.png,0.41957715749740004,HMB4
1479425798393205423.png,0.41957715749740004,HMB4
1479425798443201107.png,0.4366813778878,HMB4
1479425798493304008.png,0.4366813778878,HMB4
1479425798543308119.png,0.44549529999475,HMB4
1479425798593329917.png,0.44549529999475,HMB4
1479425798643275574.png,0.4377285659318,HMB4
1479425798693378905.png,0.4377285659318,HMB4
1479425798743297779.png,0.4349360466006001,HMB4
1479425798793273832.png,0.4349360466006001,HMB4
1479425798843334739.png,0.420973420143,HMB4
1479425798893371495.png,0.420973420143,HMB4
1479425798943366722.png,0.41050143837919995,HMB4
1479425798993406440.png,0.41050143837919995,HMB4
1479425799043427354.png,0.4063126444813999,HMB4
1479425799093367876.png,0.4063126444813999,HMB4
1479425799143401779.png,0.4290019273758,HMB4
1479425799193380487.png,0.4290019273758,HMB4
1479425799243589697.png,0.4363323032858,HMB4
1479425799293550817.png,0.4363323032858,HMB4
1479425799343473261.png,0.42516220808039995,HMB4
1479425799393452868.png,0.42516220808039995,HMB4
1479425799443478810.png,0.41573743224160004,HMB4
1479425799493399748.png,0.41573743224160004,HMB4
1479425799543462665.png,0.4171336948874,HMB4
1479425799593500028.png,0.4171336948874,HMB4
1479425799643502463.png,0.42446407675739994,HMB4
1479425799693475081.png,0.42446407675739994,HMB4
1479425799743509779.png,0.4447098970414,HMB4
1479425799793569691.png,0.4447098970414,HMB4
1479425799843486182.png,0.44994587898280003,HMB4
1479425799893519215.png,0.44994587898280003,HMB4
1479425799943557064.png,0.44924775362040004,HMB4
1479425799993530520.png,0.44924775362040004,HMB4
1479425800043596244.png,0.4680972993374001,HMB4
1479425800093598811.png,0.4680972993374001,HMB4
1479425800143702153.png,0.5096361398698,HMB4
1479425800193531742.png,0.5096361398698,HMB4
1479425800243550270.png,0.5215043902398,HMB4
1479425800293542886.png,0.5215043902398,HMB4
1479425800343569710.png,0.508239877224,HMB4
1479425800393610968.png,0.508239877224,HMB4
1479425800443730898.png,0.5117305397986001,HMB4
1479425800493593970.png,0.5117305397986001,HMB4
1479425800543603944.png,0.5215043783187999,HMB4
1479425800593639258.png,0.5215043783187999,HMB4
1479425800643597178.png,0.5218534469602,HMB4
1479425800693661467.png,0.5218534469602,HMB4
1479425800743690012.png,0.520108103752,HMB4
1479425800793725016.png,0.520108103752,HMB4
1479425800843701759.png,0.5232497215272,HMB4
1479425800893736420.png,0.5232497215272,HMB4
1479425800943718354.png,0.523598790169,HMB4
1479425800993688721.png,0.523598790169,HMB4
1479425801043688410.png,0.5239478588106,HMB4
1479425801093741075.png,0.5239478588106,HMB4
1479425801143700937.png,0.525344133377,HMB4
1479425801193696791.png,0.525344133377,HMB4
1479425801243737958.png,0.527089416981,HMB4
1479425801293865162.png,0.527089416981,HMB4
1479425801343880986.png,0.528834760189,HMB4
1479425801393813691.png,0.528834760189,HMB4
1479425801443713145.png,0.5281366229058,HMB4
1479425801493910810.png,0.5281366229058,HMB4
1479425801543853612.png,0.5155702590942,HMB4
1479425801593756148.png,0.5155702590942,HMB4
1479425801643825366.png,0.486946862936,HMB4
1479425801693730583.png,0.486946862936,HMB4
1479425801743892175.png,0.4705407679084,HMB4
1479425801793864558.png,0.4705407679084,HMB4
1479425801843851560.png,0.4701917052272,HMB4
1479425801893817074.png,0.4701917052272,HMB4
1479425801943961065.png,0.4667010366918,HMB4
1479425801994000988.png,0.4667010366918,HMB4
1479425802043887757.png,0.455879998207,HMB4
1479425802093855001.png,0.455879998207,HMB4
1479425802144015666.png,0.4548328042027999,HMB4
1479425802193870424.png,0.4548328042027999,HMB4
1479425802243895010.png,0.4544837355612,HMB4
1479425802293874833.png,0.4544837355612,HMB4
1479425802343858967.png,0.445058965683,HMB4
1479425802393893859.png,0.445058965683,HMB4
1479425802443942255.png,0.4255112767218,HMB4
1479425802493893077.png,0.4255112767218,HMB4
1479425802544000511.png,0.4153883635998,HMB4
1479425802594015737.png,0.4153883635998,HMB4
1479425802644042602.png,0.39095374941820005,HMB4
1479425802693955021.png,0.39095374941820005,HMB4
1479425802744000026.png,0.34173546433479995,HMB4
1479425802794015534.png,0.34173546433479995,HMB4
1479425802844019442.png,0.3166027247906,HMB4
1479425802894015005.png,0.3166027247906,HMB4
1479425802944069871.png,0.3497639775276,HMB4
1479425802994033909.png,0.3497639775276,HMB4
1479425803044154774.png,0.3752457857134,HMB4
1479425803094097096.png,0.3752457857134,HMB4
1479425803144022186.png,0.3679154098032001,HMB4
1479425803194055939.png,0.3679154098032001,HMB4
1479425803244092166.png,0.3721041977406,HMB4
1479425803294209296.png,0.3721041977406,HMB4
1479425803344185130.png,0.38152896761880006,HMB4
1479425803394082588.png,0.38152896761880006,HMB4
1479425803444105178.png,0.39269908666599995,HMB4
1479425803494167066.png,0.39269908666599995,HMB4
1479425803544109660.png,0.42865286469460007,HMB4
1479425803594196842.png,0.42865286469460007,HMB4
1479425803644200030.png,0.44785148501379995,HMB4
1479425803694208443.png,0.44785148501379995,HMB4
1479425803744180380.png,0.44959681630160003,HMB4
1479425803794161895.png,0.44959681630160003,HMB4
1479425803844228521.png,0.45099308490760004,HMB4
1479425803894181497.png,0.45099308490760004,HMB4
1479425803944154388.png,0.47054076790800003,HMB4
1479425803994250793.png,0.47054076790800003,HMB4
1479425804044294023.png,0.4914847135542,HMB4
1479425804094236218.png,0.4914847135542,HMB4
1479425804144278915.png,0.4995132386683999,HMB4
1479425804194201179.png,0.4995132386683999,HMB4
1479425804244309295.png,0.4914847135542,HMB4
1479425804294347119.png,0.4914847135542,HMB4
1479425804344344512.png,0.488692194223,HMB4
1479425804394295510.png,0.488692194223,HMB4
1479425804444300102.png,0.4865977942942,HMB4
1479425804494448624.png,0.4865977942942,HMB4
1479425804544376479.png,0.47438049316379993,HMB4
1479425804594707067.png,0.47438049316379993,HMB4
1479425804644450054.png,0.45029494762419997,HMB4
1479425804694533956.png,0.45029494762419997,HMB4
1479425804744401354.png,0.4206243515014,HMB4
1479425804794420860.png,0.4206243515014,HMB4
1479425804844420836.png,0.41957715749740004,HMB4
1479425804894490423.png,0.41957715749740004,HMB4
1479425804944452294.png,0.44785149097439997,HMB4
1479425804994450756.png,0.44785149097439997,HMB4
1479425805044571300.png,0.4520402789118,HMB4
1479425805094614725.png,0.4520402789118,HMB4
1479425805144541784.png,0.4272565960884,HMB4
1479425805194421594.png,0.4272565960884,HMB4
1479425805244434325.png,0.42062434554100003,HMB4
1479425805294489132.png,0.42062434554100003,HMB4
1479425805344558386.png,0.41783182621000003,HMB4
1479425805394452510.png,0.41783182621000003,HMB4
1479425805444474772.png,0.40910517573359995,HMB4
1479425805494519869.png,0.40910517573359995,HMB4
1479425805544567378.png,0.40666171908399995,HMB4
1479425805594494868.png,0.40666171908399995,HMB4
1479425805644524100.png,0.4080579698088,HMB4
1479425805694628237.png,0.4080579698088,HMB4
1479425805744544079.png,0.4105014324188,HMB4
1479425805794707783.png,0.4105014324188,HMB4
1479425805844547612.png,0.4237659454346,HMB4
1479425805894541473.png,0.4237659454346,HMB4
1479425805944569077.png,0.44820054769519996,HMB4
1479425805994513797.png,0.44820054769519996,HMB4
1479425806044595025.png,0.4527384102344,HMB4
1479425806094652075.png,0.4527384102344,HMB4
1479425806144631530.png,0.45343654155720003,HMB4
1479425806194594787.png,0.45343654155720003,HMB4
1479425806244661908.png,0.4642575800418,HMB4
1479425806294603017.png,0.4642575800418,HMB4
1479425806344677352.png,0.46949356794400005,HMB4
1479425806394580204.png,0.46949356794400005,HMB4
1479425806444668289.png,0.46949356794400005,HMB4
1479425806494627799.png,0.46949356794400005,HMB4
1479425806544693286.png,0.471937030554,HMB4
1479425806594850625.png,0.471937030554,HMB4
1479425806644722784.png,0.4886921823024,HMB4
1479425806694834884.png,0.4886921823024,HMB4
1479425806744651855.png,0.4886921823024,HMB4
1479425806794665559.png,0.4886921823024,HMB4
1479425806844752919.png,0.4698426365852001,HMB4
1479425806894710056.png,0.4698426365852001,HMB4
1479425806944714249.png,0.4579743921756,HMB4
1479425806994719359.png,0.4579743921756,HMB4
1479425807044756963.png,0.461115986109,HMB4
1479425807094724673.png,0.461115986109,HMB4
1479425807144753431.png,0.466002911329,HMB4
1479425807194752283.png,0.466002911329,HMB4
1479425807244766738.png,0.4663519740102,HMB4
1479425807294748580.png,0.4663519740102,HMB4
1479425807344755240.png,0.47403143048280005,HMB4
1479425807394843906.png,0.47403143048280005,HMB4
1479425807444836880.png,0.47682395577400005,HMB4
1479425807494854330.png,0.47682395577400005,HMB4
1479425807544801667.png,0.46739916801439996,HMB4
1479425807594844017.png,0.46739916801439996,HMB4
1479425807644809605.png,0.47054076194760003,HMB4
1479425807694945636.png,0.47054076194760003,HMB4
1479425807744896765.png,0.4858996570108,HMB4
1479425807794921701.png,0.4858996570108,HMB4
1479425807844906225.png,0.4879940569398,HMB4
1479425807894905184.png,0.4879940569398,HMB4
1479425807944953670.png,0.4831071317198,HMB4
1479425807994929910.png,0.4831071317198,HMB4
1479425808044996687.png,0.4778711497782,HMB4
1479425808094968627.png,0.4778711497782,HMB4
1479425808144967400.png,0.45971972346320006,HMB4
1479425808194902646.png,0.45971972346320006,HMB4
1479425808245084006.png,0.433190715313,HMB4
1479425808294975991.png,0.433190715313,HMB4
1479425808344981999.png,0.4188790261746,HMB4
1479425808394985139.png,0.4188790261746,HMB4
1479425808445010427.png,0.41643555760400003,HMB4
1479425808494987127.png,0.41643555760400003,HMB4
1479425808545037983.png,0.4146902322768001,HMB4
1479425808595073538.png,0.4146902322768001,HMB4
1479425808645101124.png,0.417133688927,HMB4
1479425808695005564.png,0.417133688927,HMB4
1479425808745039778.png,0.417133688927,HMB4
1479425808795028512.png,0.417133688927,HMB4
1479425808845074979.png,0.417133688927,HMB4
1479425808895153781.png,0.417133688927,HMB4
1479425808945130458.png,0.4188790261746,HMB4
1479425808995092839.png,0.4188790261746,HMB4
1479425809045138705.png,0.4335397899151999,HMB4
1479425809095141478.png,0.4335397899151999,HMB4
1479425809145089194.png,0.44610615968659995,HMB4
1479425809195166181.png,0.44610615968659995,HMB4
1479425809245129544.png,0.43074725866319996,HMB4
1479425809295141214.png,0.43074725866319996,HMB4
1479425809345151095.png,0.41992622613900005,HMB4
1479425809395118973.png,0.41992622613900005,HMB4
1479425809445155493.png,0.4192280948162,HMB4
1479425809495177382.png,0.4192280948162,HMB4
1479425809545210397.png,0.422369688749,HMB4
1479425809595230748.png,0.422369688749,HMB4
1479425809645227882.png,0.422369688749,HMB4
1479425809695232549.png,0.422369688749,HMB4
1479425809745176330.png,0.42446407079679993,HMB4
1479425809795220157.png,0.42446407079679993,HMB4
1479425809845250885.png,0.4258603453639999,HMB4
1479425809895210569.png,0.4258603453639999,HMB4
1479425809945218740.png,0.4255112767222,HMB4
1479425809995283319.png,0.4255112767222,HMB4
1479425810045260452.png,0.422369688749,HMB4
1479425810095338710.png,0.422369688749,HMB4
1479425810145309706.png,0.422369688749,HMB4
1479425810195275677.png,0.422369688749,HMB4
1479425810245258247.png,0.4237659394737999,HMB4
1479425810295306307.png,0.4237659394737999,HMB4
1479425810345405672.png,0.42446407079679993,HMB4
1479425810395308448.png,0.42446407079679993,HMB4
1479425810445375057.png,0.42586034536399997,HMB4
1479425810495366033.png,0.42586034536399997,HMB4
1479425810545348303.png,0.42411500811560005,HMB4
1479425810595409959.png,0.42411500811560005,HMB4
1479425810645363714.png,0.4237659394737999,HMB4
1479425810695408109.png,0.4237659394737999,HMB4
1479425810745438346.png,0.4160865008832001,HMB4
1479425810795321503.png,0.4160865008832001,HMB4
1479425810845497628.png,0.413643032312,HMB4
1479425810895411376.png,0.413643032312,HMB4
1479425810945404210.png,0.4146902322768001,HMB4
1479425810995410715.png,0.4146902322768001,HMB4
1479425811045537763.png,0.4248131394386,HMB4
1479425811095490807.png,0.4248131394386,HMB4
1479425811145535593.png,0.4377285718917999,HMB4
1479425811195471211.png,0.4377285718917999,HMB4
1479425811245520347.png,0.444709897041,HMB4
1479425811295456845.png,0.444709897041,HMB4
1479425811345484172.png,0.44994587898239996,HMB4
1479425811395528447.png,0.44994587898239996,HMB4
1479425811445561735.png,0.46146504879000005,HMB4
1479425811495476142.png,0.46146504879000005,HMB4
1479425811545608109.png,0.47333329916,HMB4
1479425811595559004.png,0.47333329916,HMB4
1479425811645620932.png,0.4719370305538,HMB4
1479425811695558867.png,0.4719370305538,HMB4
1479425811745630740.png,0.45169121026979997,HMB4
1479425811795547772.png,0.45169121026979997,HMB4
1479425811845580344.png,0.4255112707614,HMB4
1479425811895715257.png,0.4255112707614,HMB4
1479425811945596034.png,0.41469023227679996,HMB4
1479425811995577111.png,0.41469023227679996,HMB4
1479425812045703914.png,0.413643032312,HMB4
1479425812095595640.png,0.413643032312,HMB4
1479425812145715418.png,0.409803301096,HMB4
1479425812195721553.png,0.409803301096,HMB4
1479425812245692959.png,0.3989822685716,HMB4
1479425812295622592.png,0.3989822685716,HMB4
1479425812345742583.png,0.3654719412328001,HMB4
1479425812395634069.png,0.3654719412328001,HMB4
1479425812445639347.png,0.307876086235,HMB4
1479425812495714465.png,0.307876086235,HMB4
1479425812545764096.png,0.243647965789,HMB4
1479425812595687264.png,0.243647965789,HMB4
1479425812645739580.png,0.2094395160676,HMB4
1479425812695735348.png,0.2094395160676,HMB4
1479425812745746531.png,0.21502456665039998,HMB4
1479425812795791132.png,0.21502456665039998,HMB4
1479425812845827040.png,0.22514747083199999,HMB4
1479425812895744271.png,0.22514747083199999,HMB4
1479425812945905778.png,0.22026055157200003,HMB4
1479425812995754388.png,0.22026055157200003,HMB4
1479425813045797805.png,0.1965240746736,HMB4
1479425813095863355.png,0.1965240746736,HMB4
1479425813145860873.png,0.180117982626,HMB4
1479425813195874558.png,0.180117982626,HMB4
1479425813245831973.png,0.1919862180948,HMB4
1479425813295950471.png,0.1919862180948,HMB4
1479425813345883406.png,0.22340214252479998,HMB4
1479425813395845982.png,0.22340214252479998,HMB4
1479425813445921251.png,0.21327923238280003,HMB4
1479425813495913987.png,0.21327923238280003,HMB4
1479425813545888977.png,0.164759081602,HMB4
1479425813595970087.png,0.164759081602,HMB4
1479425813645977063.png,0.12775810211900002,HMB4
1479425813696040174.png,0.12775810211900002,HMB4
1479425813745925309.png,0.09738937169314,HMB4
1479425813795945189.png,0.09738937169314,HMB4
1479425813845979414.png,0.07539822310210001,HMB4
1479425813895967925.png,0.07539822310210001,HMB4
1479425813945959406.png,0.053756140917539996,HMB4
1479425813995967791.png,0.053756140917539996,HMB4
1479425814045975314.png,0.0488692186773,HMB4
1479425814096052747.png,0.0488692186773,HMB4
1479425814146075591.png,0.04921828433872,HMB4
1479425814196091489.png,0.04921828433872,HMB4
1479425814246007951.png,0.0572468005121,HMB4
1479425814296052143.png,0.0572468005121,HMB4
1479425814346048064.png,0.062133723497400005,HMB4
1479425814396040965.png,0.062133723497400005,HMB4
1479425814446097370.png,0.0610865242779,HMB4
1479425814496055478.png,0.0610865242779,HMB4
1479425814546019264.png,0.07155849933622001,HMB4
1479425814596059768.png,0.07155849933622001,HMB4
1479425814646268239.png,0.07714355438948,HMB4
1479425814696076588.png,0.07714355438948,HMB4
1479425814746089713.png,0.05899212881922,HMB4
1479425814796085808.png,0.05899212881922,HMB4
1479425814846154027.png,0.04398229643700001,HMB4
1479425814896189358.png,0.04398229643700001,HMB4
1479425814946148600.png,0.04363323003050001,HMB4
1479425814996185254.png,0.04363323003050001,HMB4
1479425815046199398.png,0.04118976965544,HMB4
1479425815096127317.png,0.04118976965544,HMB4
1479425815146139801.png,0.032812190800900004,HMB4
1479425815196166865.png,0.032812190800900004,HMB4
1479425815246271974.png,0.023038346692900002,HMB4
1479425815296171887.png,0.023038346692900002,HMB4
1479425815346172665.png,0.012915436550960002,HMB4
1479425815396258700.png,0.012915436550960002,HMB4
1479425815446228725.png,-0.009075712226334002,HMB4
1479425815496238297.png,-0.009075712226334002,HMB4
1479425815546406997.png,-0.036302848532780006,HMB4
1479425815596159287.png,-0.036302848532780006,HMB4
1479425815646414736.png,-0.018151424266386003,HMB4
1479425815696354447.png,-0.018151424266386003,HMB4
1479425815746275531.png,0.032463124021879994,HMB4
1479425815796382974.png,0.032463124021879994,HMB4
1479425815846419486.png,0.047822021693000004,HMB4
1479425815896272247.png,0.047822021693000004,HMB4
1479425815946436212.png,0.0394444413483,HMB4
1479425815996316634.png,0.0394444413483,HMB4
1479425816046414328.png,0.0314159270376,HMB4
1479425816096378096.png,0.0314159270376,HMB4
1479425816146385901.png,0.01605702918022,HMB4
1479425816196434423.png,0.01605702918022,HMB4
1479425816246379964.png,-0.00349065847694,HMB4
1479425816296346175.png,-0.00349065847694,HMB4
1479425816346386245.png,-0.020245819538820004,HMB4
1479425816396369075.png,-0.020245819538820004,HMB4
1479425816446436075.png,-0.02722713649272,HMB4
1479425816496361034.png,-0.02722713649272,HMB4
1479425816546474954.png,-0.02303834669292,HMB4
1479425816596384183.png,-0.02303834669292,HMB4
1479425816646429840.png,-0.0226892810315,HMB4
1479425816696413438.png,-0.0226892810315,HMB4
1479425816746471767.png,-0.02129301689566,HMB4
1479425816796505487.png,-0.02129301689566,HMB4
1479425816846516974.png,-0.025132741406520005,HMB4
1479425816896453480.png,-0.025132741406520005,HMB4
1479425816946474873.png,-0.02303834669292,HMB4
1479425816996500726.png,-0.02303834669292,HMB4
1479425817046472345.png,-0.006632251292460001,HMB4
1479425817097075409.png,-0.006632251292460001,HMB4
1479425817146591569.png,0.020245819352540002,HMB4
1479425817196551877.png,0.020245819352540002,HMB4
1479425817246565723.png,0.015358897857360002,HMB4
1479425817296563062.png,0.015358897857360002,HMB4
1479425817346561031.png,-0.0006981316953920001,HMB4
1479425817396558214.png,-0.0006981316953920001,HMB4
1479425817446556674.png,-0.00523598771542,HMB4
1479425817496579615.png,-0.00523598771542,HMB4
1479425817546540868.png,-0.007679448649282,HMB4
1479425817596564749.png,-0.007679448649282,HMB4
1479425817646562451.png,-0.0216420829296,HMB4
1479425817696640447.png,-0.0216420829296,HMB4
1479425817746554112.png,-0.04328416511414,HMB4
1479425817796644448.png,-0.04328416511414,HMB4
1479425817846644469.png,-0.05445427298548,HMB4
1479425817896632844.png,-0.05445427298548,HMB4
1479425817946695564.png,-0.05550146996976,HMB4
1479425817996883174.png,-0.05550146996976,HMB4
1479425818046695979.png,-0.05201081186531999,HMB4
1479425818096692621.png,-0.05201081186531999,HMB4
1479425818146685902.png,-0.04049163907766,HMB4
1479425818196738729.png,-0.04049163907766,HMB4
1479425818246842936.png,-0.0366519130766,HMB4
1479425818296733405.png,-0.0366519130766,HMB4
1479425818346740685.png,-0.04293509945271999,HMB4
1479425818396749536.png,-0.04293509945271999,HMB4
1479425818446774260.png,-0.06108652427794,HMB4
1479425818496745729.png,-0.06108652427794,HMB4
1479425818546744336.png,-0.08726646304131999,HMB4
1479425818596735730.png,-0.08726646304131999,HMB4
1479425818646812475.png,-0.10297442674654,HMB4
1479425818696788930.png,-0.10297442674654,HMB4
1479425818746760500.png,-0.104719758034,HMB4
1479425818796882386.png,-0.104719758034,HMB4
1479425818846786426.png,-0.10611602067959999,HMB4
1479425818896846966.png,-0.10611602067959999,HMB4
1479425818946847222.png,-0.1207767859102,HMB4
1479425818996822767.png,-0.1207767859102,HMB4
1479425819046807278.png,-0.146607658267,HMB4
1479425819096854670.png,-0.146607658267,HMB4
1479425819146791733.png,-0.1706931978464,HMB4
1479425819196853602.png,-0.1706931978464,HMB4
1479425819246862002.png,-0.1790707826614,HMB4
1479425819296882629.png,-0.1790707826614,HMB4
1479425819346820824.png,-0.1804670512678,HMB4
1479425819396903440.png,-0.1804670512678,HMB4
1479425819446971079.png,-0.1965240746738,HMB4
1479425819496917003.png,-0.1965240746738,HMB4
1479425819546931602.png,-0.230732527375,HMB4
1479425819596973992.png,-0.230732527375,HMB4
1479425819646898677.png,-0.241902637482,HMB4
1479425819696967685.png,-0.241902637482,HMB4
1479425819746932843.png,-0.2314306557178,HMB4
1479425819796983910.png,-0.2314306557178,HMB4
1479425819846935244.png,-0.2310815900562,HMB4
1479425819896970042.png,-0.2310815900562,HMB4
1479425819946975265.png,-0.24225170314320002,HMB4
1479425819997000117.png,-0.24225170314320002,HMB4
1479425820046999221.png,-0.2450442284348,HMB4
1479425820096990317.png,-0.2450442284348,HMB4
1479425820147104338.png,-0.23736478388300003,HMB4
1479425820197467549.png,-0.23736478388300003,HMB4
1479425820247058068.png,-0.2377138495444,HMB4
1479425820297030696.png,-0.2377138495444,HMB4
1479425820347011694.png,-0.2520255446434,HMB4
1479425820397081704.png,-0.2520255446434,HMB4
1479425820447084869.png,-0.2684316396712,HMB4
1479425820497015285.png,-0.2684316396712,HMB4
1479425820547180123.png,-0.272271364927,HMB4
1479425820597066585.png,-0.272271364927,HMB4
1479425820647146544.png,-0.27157322764380004,HMB4
1479425820697056865.png,-0.27157322764380004,HMB4
1479425820747164250.png,-0.277507352829,HMB4
1479425820797101191.png,-0.277507352829,HMB4
1479425820847110236.png,-0.28413960933719995,HMB4
1479425820897153958.png,-0.28413960933719995,HMB4
1479425820947189878.png,-0.28448867797899996,HMB4
1479425820997178371.png,-0.28448867797899996,HMB4
1479425821047172558.png,-0.28344147205359993,HMB4
1479425821097169782.png,-0.28344147205359993,HMB4
1479425821147231226.png,-0.2851868033414,HMB4
1479425821197245277.png,-0.2851868033414,HMB4
1479425821247186594.png,-0.286233991385,HMB4
1479425821297193117.png,-0.286233991385,HMB4
1479425821347222987.png,-0.28518680334139995,HMB4
1479425821397240774.png,-0.28518680334139995,HMB4
1479425821447251759.png,-0.280648946762,HMB4
1479425821497298009.png,-0.280648946762,HMB4
1479425821547305983.png,-0.2719222903252,HMB4
1479425821597283633.png,-0.2719222903252,HMB4
1479425821647303081.png,-0.2631956517694,HMB4
1479425821697359851.png,-0.2631956517694,HMB4
1479425821747309964.png,-0.261799395084,HMB4
1479425821797354701.png,-0.261799395084,HMB4
1479425821847288437.png,-0.261799395084,HMB4
1479425821897378553.png,-0.261799395084,HMB4
1479425821947360623.png,-0.2611012578008,HMB4
1479425821997422689.png,-0.2611012578008,HMB4
1479425822047364197.png,-0.261799395084,HMB4
1479425822097406966.png,-0.261799395084,HMB4
1479425822147348545.png,-0.2628465831276,HMB4
1479425822197428631.png,-0.2628465831276,HMB4
1479425822247464975.png,-0.266686308384,HMB4
1479425822297453937.png,-0.266686308384,HMB4
1479425822347386632.png,-0.27314402163025003,HMB4
1479425822397458301.png,-0.27314402163025003,HMB4
1479425822447404032.png,-0.28029987812039997,HMB4
1479425822497485293.png,-0.28029987812039997,HMB4
1479425822547503705.png,-0.29181904792799995,HMB4
1479425822597553736.png,-0.29181904792799995,HMB4
1479425822647436026.png,-0.3197443187238,HMB4
1479425822697834562.png,-0.3197443187238,HMB4
1479425822747518849.png,-0.3518583774568,HMB4
1479425822797535538.png,-0.3518583774568,HMB4
1479425822847568912.png,-0.3616322278978,HMB4
1479425822897560430.png,-0.3616322278978,HMB4
1479425822947501649.png,-0.3410373330116,HMB4
1479425822997585504.png,-0.3410373330116,HMB4
1479425823047573602.png,-0.3152064681054,HMB4
1479425823097576818.png,-0.3152064681054,HMB4
1479425823147565277.png,-0.30333822965620005,HMB4
1479425823197598991.png,-0.30333822965620005,HMB4
1479425823247593016.png,-0.3022910296916,HMB4
1479425823297556108.png,-0.3022910296916,HMB4
1479425823347569106.png,-0.2848377346992,HMB4
1479425823397584906.png,-0.2848377346992,HMB4
1479425823447669041.png,-0.2488839507102,HMB4
1479425823497579786.png,-0.2488839507102,HMB4
1479425823547589789.png,-0.22828906178459998,HMB4
1479425823597633133.png,-0.22828906178459998,HMB4
1479425823647648199.png,-0.2335250526666,HMB4
1479425823697681843.png,-0.2335250526666,HMB4
1479425823747628939.png,-0.24364796578919998,HMB4
1479425823797655163.png,-0.24364796578919998,HMB4
1479425823847640982.png,-0.24260076880499998,HMB4
1479425823897759331.png,-0.24260076880499998,HMB4
1479425823947763841.png,-0.24260076880499998,HMB4
1479425823997727455.png,-0.24260076880499998,HMB4
1479425824047700331.png,-0.24364796578919998,HMB4
1479425824097731133.png,-0.24364796578919998,HMB4
1479425824147817190.png,-0.23177972435939997,HMB4
1479425824197786640.png,-0.23177972435939997,HMB4
1479425824247749745.png,-0.21293016970160003,HMB4
1479425824297714777.png,-0.21293016970160003,HMB4
1479425824347847328.png,-0.21048671007140002,HMB4
1479425824397773480.png,-0.21048671007140002,HMB4
1479425824447850012.png,-0.24190263450139998,HMB4
1479425824497804620.png,-0.24190263450139998,HMB4
1479425824547821866.png,-0.2761110901834,HMB4
1479425824597825072.png,-0.2761110901834,HMB4
1479425824647770772.png,-0.2712241649628,HMB4
1479425824697869302.png,-0.2712241649628,HMB4
1479425824747864489.png,-0.2607521891592,HMB4
1479425824797860910.png,-0.2607521891592,HMB4
1479425824847869856.png,-0.27890361547479997,HMB4
1479425824897872589.png,-0.27890361547479997,HMB4
1479425824947866374.png,-0.294611573219,HMB4
1479425824997888714.png,-0.294611573219,HMB4
1479425825047868708.png,-0.2768092155456,HMB4
1479425825097917294.png,-0.2768092155456,HMB4
1479425825147878724.png,-0.24155356585980003,HMB4
1479425825197909049.png,-0.24155356585980003,HMB4
1479425825247922724.png,-0.22759093046179996,HMB4
1479425825297962457.png,-0.22759093046179996,HMB4
1479425825347941720.png,-0.2419026345016,HMB4
1479425825398026878.png,-0.2419026345016,HMB4
1479425825448026861.png,-0.2565634012222,HMB4
1479425825498080043.png,-0.2565634012222,HMB4
1479425825548211803.png,-0.2719222903252,HMB4
1479425825597986783.png,-0.2719222903252,HMB4
1479425825648011095.png,-0.299847561121,HMB4
1479425825698021729.png,-0.299847561121,HMB4
1479425825748008068.png,-0.318348056078,HMB4
1479425825798016798.png,-0.318348056078,HMB4
1479425825847981714.png,-0.33754667639740005,HMB4
1479425825898112965.png,-0.33754667639740005,HMB4
1479425825948062248.png,-0.330216294527,HMB4
1479425825998052575.png,-0.330216294527,HMB4
1479425826048069240.png,-0.29670597314839997,HMB4
1479425826098033078.png,-0.29670597314839997,HMB4
1479425826148089905.png,-0.30054569840420003,HMB4
1479425826198110952.png,-0.30054569840420003,HMB4
1479425826248147088.png,-0.3015928983688,HMB4
1479425826298136650.png,-0.3015928983688,HMB4
1479425826348161754.png,-0.2830924093724,HMB4
1479425826398150672.png,-0.2830924093724,HMB4
1479425826448108330.png,-0.2785545527934,HMB4
1479425826498208407.png,-0.2785545527934,HMB4
1479425826548165449.png,-0.25516714155680004,HMB4
1479425826598121927.png,-0.25516714155680004,HMB4
1479425826648228058.png,-0.23282691836340003,HMB4
1479425826698173880.png,-0.23282691836340003,HMB4
1479425826748230812.png,-0.23422318398960001,HMB4
1479425826798210700.png,-0.23422318398960001,HMB4
1479425826848223907.png,-0.235619455576,HMB4
1479425826898187114.png,-0.235619455576,HMB4
1479425826948276852.png,-0.235619455576,HMB4
1479425826998277547.png,-0.235619455576,HMB4
1479425827048241564.png,-0.2387610465286,HMB4
1479425827098225874.png,-0.2387610465286,HMB4
1479425827148280459.png,-0.23527038395400002,HMB4
1479425827198270423.png,-0.23527038395400002,HMB4
1479425827248253856.png,-0.2293362587688,HMB4
1479425827298285073.png,-0.2293362587688,HMB4
1479425827347912456.png,-0.226892799139,HMB4
1479425827397928231.png,-0.226892799139,HMB4
1479425827448059778.png,-0.22549653649339998,HMB4
1479425827497972976.png,-0.22549653649339998,HMB4
1479425827548024174.png,-0.2192133545874,HMB4
1479425827598117922.png,-0.2192133545874,HMB4
1479425827648218948.png,-0.24748768806459998,HMB4
1479425827698260223.png,-0.24748768806459998,HMB4
1479425827748260145.png,-0.3186971187592,HMB4
1479425827798175996.png,-0.3186971187592,HMB4
1479425827848182261.png,-0.34278266429919996,HMB4
1479425827898160870.png,-0.34278266429919996,HMB4
1479425827948234224.png,-0.334754151106,HMB4
1479425827998242547.png,-0.334754151106,HMB4
1479425828048202056.png,-0.31206487417219997,HMB4
1479425828098307133.png,-0.31206487417219997,HMB4
1479425828148251008.png,-0.29181904792779995,HMB4
1479425828198222607.png,-0.29181904792779995,HMB4
1479425828248253788.png,-0.2911209225654,HMB4
1479425828298243054.png,-0.2911209225654,HMB4
1479425828348249420.png,-0.280299884081,HMB4
1479425828398359544.png,-0.280299884081,HMB4
1479425828448272789.png,-0.2670353710652,HMB4
1479425828498313000.png,-0.2670353710652,HMB4
